Date,Area,Depth,Width,longitude,latitude,altitude,Dangerous
3/31/2020,Santiago Ridge,1,300,-111.8493069,40.6240635,0.0,TRUE
3/29/2020,Neffs,0.5,10,-111.7501551,40.6731884,0.0,FALSE
3/29/2020,Wolverine,0.6666666666666666,50,-110.8811816,40.7203368,0.0,FALSE
3/29/2020,Evergreen Ridge,1,40,-111.87716,40.9041117,0.0,FALSE
3/28/2020,Coalpit,1,80,-111.7343416,40.5613862,0.0,TRUE
3/28/2020,Tuscarora,0.5,20,-111.5987748,40.5845206,0.0,FALSE
3/28/2020,Mill B South,2,100,-111.7143584,39.4225192,0.0,TRUE
3/28/2020,Alta Ski Area,1.3333333333333333,15,-111.6384012,40.5882366,0.0,FALSE
3/27/2020,Claytons,1,70,-112.0268012,41.1631243,0.0,TRUE
3/27/2020,Butler Basin,0.6666666666666666,70,-109.80056559943675,38.00155435,0.0,FALSE
3/27/2020,Main Days,0.8333333333333334,70,-111.464035,40.134356,0.0,FALSE
3/26/2020,Millicent Peak,1.5,60,-111.5975113,40.5905511,0.0,TRUE
3/26/2020,East Bowl,1.6666666666666667,250,-111.677609,40.326168,0.0,TRUE
3/26/2020,East Bowl,1.5,80,-111.677609,40.326168,0.0,TRUE
3/26/2020,High Ivory,0.9166666666666666,70,-111.77175512670067,40.3560901,0.0,FALSE
3/26/2020,High Ivory,0.9166666666666666,70,-111.77175512670067,40.3560901,0.0,FALSE
3/26/2020,10420,2,60,-111.5583795,40.6000653,0.0,TRUE
3/25/2020,Grizzly Gulch,0.8333333333333334,20,-111.6176169,40.5945374,0.0,FALSE
3/25/2020,Days Fork,1,125,-111.6364591,40.621971,0.0,TRUE
3/25/2020,Little Water,1.1666666666666667,100,-109.5517824,37.1033343,0.0,TRUE
3/25/2020,Days Fork,0.6666666666666666,25,-111.6364591,40.621971,0.0,FALSE
3/24/2020,Seagull,0.3333333333333333,10,-111.8928314,40.7697574,0.0,FALSE
3/23/2020,Firewater,0.08333333333333333,70,-109.9862591,39.6624647,0.0,FALSE
3/22/2020,Murdock Peak,0.4166666666666667,20,-111.604647,40.693559,0.0,FALSE
3/21/2020,Red Baldy,0.5,30,-111.6671395,40.5403139,0.0,FALSE
3/20/2020,Upper Days,0.5,35,-112.0543509,40.6320337,0.0,FALSE
3/18/2020,Pioneer Ridge,0.5,30,-112.8498287,37.6996004,0.0,FALSE
3/17/2020,Upper Days,0.5,20,-112.0543509,40.6320337,0.0,FALSE
3/15/2020,Lake Mary,0.4166666666666667,60,-111.59051892399754,40.5892188,0.0,FALSE
3/14/2020,10420,0.5,40,-111.5583795,40.6000653,0.0,FALSE
3/14/2020,Little Superior,0.4166666666666667,10,-111.9164388,40.799927,0.0,FALSE
3/11/2020,Porter Fork,2,20,-111.7121964,40.6891988,0.0,FALSE
3/9/2020,Pioneer Ridge,0.6666666666666666,25,-112.8498287,37.6996004,0.0,FALSE
3/9/2020,No Name Bowl,0.8333333333333334,50,-112.03515604246542,40.5208607,0.0,FALSE
3/4/2020,Tuscarora,0.3333333333333333,30,-111.5987748,40.5845206,0.0,FALSE
3/2/2020,Superior,0.25,10,-111.9164388,40.799927,0.0,FALSE
3/2/2020,East Bowl,0.4166666666666667,20,-111.677609,40.326168,0.0,FALSE
3/2/2020,Hellgate,0.16666666666666666,50,-111.4162774,41.1602453,0.0,FALSE
3/2/2020,Gobblers,0.3333333333333333,20,-111.682808,40.67074,0.0,FALSE
3/2/2020,Days Fork,0.25,25,-111.6364591,40.621971,0.0,FALSE
3/2/2020,Days Fork,0.4166666666666667,40,-111.6364591,40.621971,0.0,FALSE
3/1/2020,Argenta,0.5,40,-111.5976811,40.6233813,0.0,FALSE
2/21/2020,Hogum,1.5,30,-111.7198577,40.5522892,0.0,FALSE
2/17/2020,Toledo Bowl,1.5,800,-112.03515604246542,40.5208607,0.0,TRUE
2/17/2020,Green Slope,1.5,100,-111.8763263,40.8763341,0.0,TRUE
2/17/2020,Reed and Benson Ridge,1.6666666666666667,100,-111.6471468,40.6035612,0.0,TRUE
2/17/2020,Sunset Peak,1,100,-111.5936177,40.5771083,0.0,TRUE
2/16/2020,Alta Ski Area,0.5,45,-111.6384012,40.5882366,0.0,FALSE
2/16/2020,Reynolds Peak,0.8333333333333334,30,-111.645712,40.6620683,0.0,FALSE
2/16/2020,Reynolds Peak,0.5833333333333334,150,-111.645712,40.6620683,0.0,FALSE
2/16/2020,Butler Fork,0.5833333333333334,100,-111.6638836,40.6522147,0.0,FALSE
2/16/2020,Grizzly Gulch,0.3333333333333333,25,-111.6176169,40.5945374,0.0,FALSE
2/16/2020,Flagstaff Ridge,0.5,300,-111.3121191,39.0702482,0.0,FALSE
2/12/2020,Tuscarora,0.5,10,-111.5987748,40.5845206,0.0,FALSE
2/7/2020,The Spire,1.5,100,-110.4327818,38.5093047,0.0,TRUE
2/7/2020,Silver Fork,1.5,500,-111.6195606,40.6181712,0.0,TRUE
2/6/2020,Memorials,1,60,-111.01753666367131,39.21236175,0.0,TRUE
2/6/2020,Dutch Draw,1.3333333333333333,20,-109.4192889,40.9361428,0.0,FALSE
2/4/2020,Toledo Bowl,0.3333333333333333,15,-112.03515604246542,40.5208607,0.0,FALSE
2/3/2020,Memorials,2,50,-111.01753666367131,39.21236175,0.0,FALSE
2/1/2020,Mill B South,2,100,-111.7143584,39.4225192,0.0,TRUE
2/1/2020,Mill B South,3,200,-111.7143584,39.4225192,0.0,TRUE
2/1/2020,Wilson Peak,0.6666666666666666,50,-110.4615507,40.7757778,0.0,FALSE
1/31/2020,Superior,1,80,-111.9164388,40.799927,0.0,TRUE
1/31/2020,Rainbow Peak,1.5,35,-112.2404138,37.4750945,0.0,FALSE
1/30/2020,Superior,1.25,60,-111.9164388,40.799927,0.0,TRUE
1/29/2020,Little Superior,1,70,-111.9164388,40.799927,0.0,TRUE
1/29/2020,Days Fork,1.5,200,-111.6364591,40.621971,0.0,TRUE
1/28/2020,Superior,1.5,80,-111.9164388,40.799927,0.0,TRUE
1/28/2020,Cardiff Fork,0.3333333333333333,40,-111.6528203,40.5950092,0.0,FALSE
1/28/2020,White Pine,0.5,150,-112.0293301,41.147734,0.0,FALSE
1/28/2020,Tuscarora,1,150,-111.5987748,40.5845206,0.0,TRUE
1/27/2020,Cardiff Fork,1,40,-111.6528203,40.5950092,0.0,FALSE
1/27/2020,Cardiff Fork,0.8333333333333334,40,-111.6528203,40.5950092,0.0,FALSE
1/27/2020,Toledo Bowl,0.6666666666666666,40,-112.03515604246542,40.5208607,0.0,FALSE
1/25/2020,Broads Fork,6,80,-111.7156044,40.6043718,0.0,TRUE
1/25/2020,Red Baldy,0.3333333333333333,30,-111.6671395,40.5403139,0.0,FALSE
1/23/2020,Tuscarora,1,10,-111.5987748,40.5845206,0.0,FALSE
1/23/2020,Superior,0.6666666666666666,25,-111.9164388,40.799927,0.0,FALSE
1/21/2020,Salt Lake,0.4166666666666667,20,-111.9103124,40.6632297,0.0,FALSE
1/19/2020,Mill B South,1,500,-111.7143584,39.4225192,0.0,TRUE
1/18/2020,Cardiff Fork,1,100,-111.6528203,40.5950092,0.0,TRUE
1/18/2020,Bountiful,1.6666666666666667,40,-111.8804817,40.8894611,0.0,FALSE
1/17/2020,Murdock Peak,3.5,40,-111.604647,40.693559,0.0,FALSE
1/17/2020,Salt Lake,0.8333333333333334,20,-111.9103124,40.6632297,0.0,FALSE
1/15/2020,West Monitor,1,125,-109.7356695,38.6605375,0.0,TRUE
1/14/2020,East Bowl,0.5,70,-111.677609,40.326168,0.0,FALSE
1/12/2020,Square Top,1.25,40,-110.8957607,38.7742785,0.0,FALSE
1/12/2020,Reynolds Peak,2,30,-111.645712,40.6620683,0.0,FALSE
1/11/2020,Bountiful,1,40,-111.8804817,40.8894611,0.0,FALSE
1/7/2020,Gobblers,1,150,-111.682808,40.67074,0.0,TRUE
1/5/2020,Wilson Peak,1,175,-110.4615507,40.7757778,0.0,TRUE
1/4/2020,White Pine,0.8333333333333334,30,-112.0293301,41.147734,0.0,FALSE
1/4/2020,Firewater,2,100,-109.9862591,39.6624647,0.0,TRUE
1/4/2020,Tuscarora,1.8333333333333333,30,-111.5987748,40.5845206,0.0,FALSE
1/3/2020,Microwave,1.5,60,-111.8017566,40.7499823,0.0,TRUE
1/2/2020,Butler Fork,1,30,-111.6638836,40.6522147,0.0,FALSE
1/2/2020,Tuscarora,1.1666666666666667,40,-111.5987748,40.5845206,0.0,FALSE
1/2/2020,Little Water,1,60,-109.5517824,37.1033343,0.0,TRUE
1/1/2020,Reynolds Peak,0.6666666666666666,50,-111.645712,40.6620683,0.0,FALSE
1/1/2020,Murdock Peak,2.5,100,-111.604647,40.693559,0.0,TRUE
12/31/2019,Firewater,2,100,-109.9862591,39.6624647,0.0,TRUE
12/25/2019,Dutch Draw,1,200,-109.4192889,40.9361428,0.0,TRUE
12/25/2019,west porter,0.6666666666666666,100,-111.7121964,40.6891988,0.0,FALSE
12/25/2019,Moonlight,1,300,-110.3131012,37.0346083,0.0,TRUE
12/22/2019,Rocky Point,2.5,45,-114.0150068,40.3116003,0.0,FALSE
12/19/2019,Ant Knolls,2,200,-110.6910858,37.6987129,0.0,TRUE
12/17/2019,Snake Creek,0.8333333333333334,80,-109.6782053,37.2787425,0.0,FALSE
12/16/2019,Alexander Basin,2.5,350,-111.6770983,40.6783598,0.0,TRUE
12/14/2019,Twin Lakes Pass,1.5,300,-111.609145,40.5945855,0.0,TRUE
12/14/2019,Twin Lakes Pass,2,1500,-111.609145,40.5945855,0.0,TRUE
12/14/2019,West Monitor,2,90,-109.7356695,38.6605375,0.0,TRUE
12/14/2019,Flagstaff Ridge,1,70,-111.3121191,39.0702482,0.0,TRUE
12/14/2019,Cardiff Pass,0.6666666666666666,300,-111.6514741,40.5960596,0.0,FALSE
12/14/2019,Twin Lakes area,3,50,-115.1562271,36.1535965,0.0,FALSE
12/13/2019,West Monitor,1.6666666666666667,80,-109.7356695,38.6605375,0.0,TRUE
12/13/2019,Paradise,2.5,50,-113.4257887,37.5316451,0.0,FALSE
12/2/2019,Hidden Canyon,2,50,-109.7869074,38.7292127,0.0,FALSE
11/30/2019,No Name Bowl,3.5,500,-112.03515604246542,40.5208607,0.0,TRUE
11/30/2019,Gobblers,3,200,-111.682808,40.67074,0.0,TRUE
11/29/2019,Murdock Peak,1.5,500,-111.604647,40.693559,0.0,TRUE
11/29/2019,10420,2.5,30,-111.5583795,40.6000653,0.0,FALSE
11/29/2019,Hidden Canyon,1.6666666666666667,400,-109.7869074,38.7292127,0.0,TRUE
11/29/2019,Hidden Canyon,1.6666666666666667,400,-109.7869074,38.7292127,0.0,TRUE
11/28/2019,Hidden Canyon,1.3333333333333333,200,-109.7869074,38.7292127,0.0,TRUE
11/28/2019,East Bowl,3,50,-111.677609,40.326168,0.0,FALSE
11/27/2019,Davenport Hill,1,15,-111.6221452,40.599395,0.0,FALSE
11/25/2019,Hidden Canyon,0.5,20,-109.7869074,38.7292127,0.0,FALSE
10/29/2019,Gunsight,1.1666666666666667,5,-110.3571939,40.7939529,0.0,FALSE
5/24/2019,East Castle,0.8333333333333334,200,-111.6110918,40.5659668,0.0,FALSE
5/24/2019,Albion Basin,0.8333333333333334,30,-111.6167631,40.5800992,0.0,FALSE
5/24/2019,Devils Castle,2,500,-111.6134974,40.5655184,0.0,TRUE
5/23/2019,Superior,1,150,-111.9164388,40.799927,0.0,TRUE
5/22/2019,Superior,1.6666666666666667,60,-111.9164388,40.799927,0.0,TRUE
4/17/2019,Argenta,0.4166666666666667,40,-111.5976811,40.6233813,0.0,FALSE
4/16/2019,Main Days,0.6666666666666666,800,-111.464035,40.134356,0.0,FALSE
4/16/2019,West Monitor,1,30,-109.7356695,38.6605375,0.0,FALSE
4/16/2019,Red Baldy,1,100,-111.6671395,40.5403139,0.0,TRUE
4/14/2019,Jupiter,1.6666666666666667,125,-111.4128846,40.7650459,0.0,TRUE
4/13/2019,Big Willow,4,400,-111.8959303,40.5239148,0.0,TRUE
4/13/2019,Mill B South,0.8333333333333334,50,-111.7143584,39.4225192,0.0,FALSE
4/12/2019,Superior,0.5,60,-111.9164388,40.799927,0.0,FALSE
4/11/2019,Butler Basin,1,30,-109.80056559943675,38.00155435,0.0,FALSE
4/10/2019,West Porter,0.6666666666666666,30,-111.7121964,40.6891988,0.0,FALSE
4/9/2019,Broads Fork,5,90,-111.7156044,40.6043718,0.0,TRUE
4/5/2019,Blue Ice,10,300,-111.9751885,40.6309846,0.0,TRUE
4/3/2019,Claytons,0.6666666666666666,350,-112.0268012,41.1631243,0.0,FALSE
3/31/2019,West Couloir,0.6666666666666666,30,-111.601565,40.2926764,0.0,FALSE
3/30/2019,Argenta,0.8333333333333334,150,-111.5976811,40.6233813,0.0,FALSE
3/30/2019,Silver Fork,0.8333333333333334,25,-111.6195606,40.6181712,0.0,FALSE
3/29/2019,Argenta,0.4166666666666667,30,-111.5976811,40.6233813,0.0,FALSE
3/29/2019,Summit Park,0.6666666666666666,50,-111.59359465474188,40.7550775,0.0,FALSE
3/29/2019,Brighton Hill,1,45,-111.5833147,40.6018223,0.0,FALSE
3/26/2019,Hogum,1.6666666666666667,80,-111.7198577,40.5522892,0.0,TRUE
3/24/2019,Mill B South,1,25,-111.7143584,39.4225192,0.0,FALSE
3/24/2019,East Bowl,0.6666666666666666,20,-111.677609,40.326168,0.0,FALSE
3/24/2019,Gobblers Knob,0.3333333333333333,40,-111.682808,40.67074,0.0,FALSE
3/24/2019,Grizzly Gulch,1,20,-111.6176169,40.5945374,0.0,FALSE
3/21/2019,Flanigans,0.5,80,-112.9930141,37.1949609,0.0,FALSE
3/16/2019,Reynolds Pk,0.3333333333333333,80,-112.097711,40.7078652,0.0,FALSE
3/15/2019,Chipman Peak,1.1666666666666667,300,-112.834391,38.0891381,0.0,TRUE
3/15/2019,Red Top,2,300,-111.9344494,37.2375903,0.0,TRUE
3/14/2019,Salt Lake,1.6666666666666667,150,-111.9103124,40.6632297,0.0,TRUE
3/13/2019,Mt Olympus,1.5,35,-111.7710817,40.6567926,0.0,FALSE
3/9/2019,West Willow,2,300,-83.575967,42.247208,0.0,TRUE
3/7/2019,Rocky Point,0.6666666666666666,30,-114.0150068,40.3116003,0.0,FALSE
3/7/2019,Lake Peak,1,2500,-112.356041,38.3371967,0.0,TRUE
3/7/2019,White Pine,1.6666666666666667,300,-112.0293301,41.147734,0.0,TRUE
3/4/2019,Summit Park,0.8333333333333334,80,-111.59359465474188,40.7550775,0.0,FALSE
3/4/2019,Superior,0.3333333333333333,60,-111.9164388,40.799927,0.0,FALSE
3/3/2019,Superior,0.5,30,-111.9164388,40.799927,0.0,FALSE
3/3/2019,Monte Cristo,0.6666666666666666,10,-111.6713168,40.5913286,0.0,FALSE
2/26/2019,Cardiff Fork,0.4166666666666667,40,-111.6528203,40.5950092,0.0,FALSE
2/26/2019,Mill A,0.5,30,-111.7143584,39.4225192,0.0,FALSE
2/20/2019,Dutch Draw,0.5,50,-109.4192889,40.9361428,0.0,FALSE
2/20/2019,Limber Pine,0.5,200,-111.4743762,41.9199327,0.0,FALSE
2/17/2019,Pioneer Peak,1,500,-111.5893649,40.5807848,0.0,TRUE
2/16/2019,Claytons,2,300,-112.0268012,41.1631243,0.0,TRUE
2/15/2019,West Monitor,1.5,250,-109.7356695,38.6605375,0.0,TRUE
2/14/2019,Highline,2.5,200,-111.7250892,40.0261365,0.0,TRUE
2/14/2019,west porter,0.5,60,-111.7121964,40.6891988,0.0,FALSE
2/14/2019,Butler Fork,0.6666666666666666,70,-111.6638836,40.6522147,0.0,FALSE
2/14/2019,Reynolds Peak,0.5,300,-111.645712,40.6620683,0.0,FALSE
2/14/2019,Butler Basin,0.8333333333333334,200,-109.80056559943675,38.00155435,0.0,FALSE
2/14/2019,Kessler Peak,0.5,50,-111.6687569,40.6251165,0.0,FALSE
2/10/2019,Murdock Peak,2,250,-111.604647,40.693559,0.0,TRUE
2/8/2019,Little Superior,0.6666666666666666,50,-111.9164388,40.799927,0.0,FALSE
2/8/2019,White Pine,1,50,-112.0293301,41.147734,0.0,FALSE
2/8/2019,Pioneer Ridge,2,100,-112.8498287,37.6996004,0.0,TRUE
2/7/2019,Pioneer Ridge,1,100,-112.8498287,37.6996004,0.0,TRUE
2/5/2019,10420,10,200,-111.5583795,40.6000653,0.0,TRUE
2/4/2019,Cone,2,60,-110.2273869,38.7186662,0.0,TRUE
2/4/2019,Little Water Peak,3,200,-111.627703,40.671892,0.0,TRUE
2/3/2019,Pioneer Peak,2,300,-111.5893649,40.5807848,0.0,TRUE
2/2/2019,Mineral Fork,0.5,40,-111.6853502,40.6210541,0.0,FALSE
1/25/2019,Summit Park,1.1666666666666667,70,-111.59359465474188,40.7550775,0.0,TRUE
1/22/2019,Bonneville Shoreline Trail,0.5,20,-111.6414559,40.301067,0.0,FALSE
1/21/2019,Thomas Fork,1.5,80,-111.879939,40.9785555,0.0,TRUE
1/21/2019,Murdock Peak,1.1666666666666667,50,-111.604647,40.693559,0.0,FALSE
1/19/2019,Bountiful,2,50,-111.8804817,40.8894611,0.0,FALSE
1/19/2019,Grandview Peak,1.5,300,-111.7521555,40.8516128,0.0,TRUE
1/19/2019,White Pine,4,100,-112.0293301,41.147734,0.0,TRUE
1/17/2019,West Monitor,2,80,-109.7356695,38.6605375,0.0,TRUE
1/16/2019,Flagstaff Ridge,0.5,60,-111.3121191,39.0702482,0.0,FALSE
1/16/2019,Sunset Peak,1,250,-111.5936177,40.5771083,0.0,TRUE
1/7/2019,Bear Trap,1,70,-113.118597,37.430759,0.0,TRUE
1/5/2019,Lake Peak,0.4166666666666667,30,-112.356041,38.3371967,0.0,FALSE
1/5/2019,Blue Ice,1.25,125,-111.9751885,40.6309846,0.0,TRUE
1/5/2019,Maybird Gulch,2,30,-111.7061957,40.5594808,0.0,FALSE
1/5/2019,Tuscarora,1,50,-111.5987748,40.5845206,0.0,FALSE
1/5/2019,Santiago,1.5,60,-111.8493069,40.6240635,0.0,TRUE
1/4/2019,Little Cottonwood Canyon,0.6666666666666666,20,-109.0738217,37.7801637,0.0,FALSE
12/31/2018,Snake Creek,1.25,30,-109.6782053,37.2787425,0.0,FALSE
12/31/2018,Airplane Peak,2.5,80,-113.45111,41.6304776,0.0,TRUE
12/30/2018,Salt Lake,0.4166666666666667,20,-111.9103124,40.6632297,0.0,FALSE
12/26/2018,Red Baldy,1.25,45,-111.6671395,40.5403139,0.0,FALSE
12/26/2018,East Mineral,0.8333333333333334,20,-96.120442,33.118412,0.0,FALSE
12/24/2018,Cardiff Fork,0.8333333333333334,50,-111.6528203,40.5950092,0.0,FALSE
12/22/2018,Little Superior,0.6666666666666666,45,-111.9164388,40.799927,0.0,FALSE
12/22/2018,Snake Creek,1,30,-109.6782053,37.2787425,0.0,FALSE
12/22/2018,Tuscarora,1.1666666666666667,50,-111.5987748,40.5845206,0.0,FALSE
12/12/2018,West Monitor,0.6666666666666666,45,-109.7356695,38.6605375,0.0,FALSE
12/3/2018,Snake Creek,0.8333333333333334,25,-109.6782053,37.2787425,0.0,FALSE
12/3/2018,West Monitor,3,500,-109.7356695,38.6605375,0.0,TRUE
12/2/2018,Blue Ice,2.5,400,-111.9751885,40.6309846,0.0,TRUE
12/2/2018,Davis Gulch,1.5,200,-110.9659007,37.2814198,0.0,TRUE
12/2/2018,Cardiff Fork,2,50,-111.6528203,40.5950092,0.0,FALSE
12/2/2018,Porter Fork,2,100,-111.7121964,40.6891988,0.0,TRUE
12/1/2018,West Bowl,2,100,-112.0336661,40.7038705,0.0,TRUE
11/30/2018,Cardiff Fork,2,40,-111.6528203,40.5950092,0.0,FALSE
11/30/2018,Red Baldy,1.6666666666666667,600,-111.6671395,40.5403139,0.0,TRUE
11/30/2018,Highline,1.6666666666666667,150,-111.7250892,40.0261365,0.0,TRUE
11/26/2018,Wolverine,1.5,20,-110.8811816,40.7203368,0.0,FALSE
11/25/2018,White Pine,1.5,500,-112.0293301,41.147734,0.0,TRUE
11/24/2018,Rocky Point,1.3333333333333333,250,-114.0150068,40.3116003,0.0,TRUE
11/24/2018,10420,1.5,30,-111.5583795,40.6000653,0.0,FALSE
11/24/2018,10420,1,20,-111.5583795,40.6000653,0.0,FALSE
11/22/2018,Rocky Point,0.5833333333333334,50,-114.0150068,40.3116003,0.0,FALSE
11/5/2018,Baldy,0.5,15,-113.4094176,39.1921732,0.0,FALSE
4/18/2018,Little Superior,1,40,-111.9164388,40.799927,0.0,FALSE
4/17/2018,Cardiff Peak,0.8333333333333334,40,-111.6528203,40.5950092,0.0,FALSE
4/17/2018,Upper Days,0.6666666666666666,175,-112.0543509,40.6320337,0.0,FALSE
4/9/2018,Toledo Bowl,0.3333333333333333,30,-112.03515604246542,40.5208607,0.0,FALSE
4/9/2018,Raymond Peak,0.5,100,-111.7020519,40.6585713,0.0,FALSE
3/17/2018,Upper Days,3.5,80,-112.0543509,40.6320337,0.0,TRUE
3/17/2018,Millicent Peak,4,150,-111.5975113,40.5905511,0.0,TRUE
3/16/2018,Salt Lake,1.6666666666666667,200,-111.9103124,40.6632297,0.0,TRUE
3/16/2018,Salt Lake,2,100,-111.9103124,40.6632297,0.0,TRUE
3/16/2018,Claytons,2.5,40,-112.0268012,41.1631243,0.0,FALSE
3/8/2018,Hogum,5,300,-111.7198577,40.5522892,0.0,TRUE
3/4/2018,Grandeur,1,40,-111.7597731,40.707112,0.0,FALSE
3/4/2018,Butler Basin,3,300,-109.80056559943675,38.00155435,0.0,TRUE
3/3/2018,Porter Fork,3,60,-111.7121964,40.6891988,0.0,TRUE
3/3/2018,Porter Fork,1.5,50,-111.7121964,40.6891988,0.0,FALSE
3/2/2018,Snake Creek,1,100,-109.6782053,37.2787425,0.0,TRUE
2/28/2018,Bonanza Flats,0.16666666666666666,50,-109.1773388,40.0210781,0.0,FALSE
2/27/2018,Main Days,2,20,-111.464035,40.134356,0.0,FALSE
2/26/2018,East Mineral,0.8333333333333334,30,-96.120442,33.118412,0.0,FALSE
2/25/2018,Twin Lakes area,1,40,-115.1562271,36.1535965,0.0,FALSE
2/25/2018,Little Cottonwood Canyon,1.1666666666666667,50,-109.0738217,37.7801637,0.0,FALSE
2/25/2018,Twin Lakes area,1.3333333333333333,30,-115.1562271,36.1535965,0.0,FALSE
2/24/2018,Main Porter,0.8333333333333334,20,-111.7116604,40.6717193,0.0,FALSE
2/21/2018,Superior,1,40,-111.9164388,40.799927,0.0,FALSE
2/20/2018,Claytons,1,30,-112.0268012,41.1631243,0.0,FALSE
2/19/2018,Davis Gulch,3,80,-110.9659007,37.2814198,0.0,TRUE
2/19/2018,Sunset Peak,1.6666666666666667,50,-111.5936177,40.5771083,0.0,FALSE
2/19/2018,West Monitor,2,500,-109.7356695,38.6605375,0.0,TRUE
2/16/2018,West Monitor,2,350,-109.7356695,38.6605375,0.0,TRUE
2/16/2018,Little Superior,1.1666666666666667,40,-111.9164388,40.799927,0.0,FALSE
2/15/2018,Airplane Peak,3.5,100,-113.45111,41.6304776,0.0,TRUE
1/31/2018,Alexander Basin,1.3333333333333333,70,-111.6770983,40.6783598,0.0,TRUE
1/31/2018,Alexander Basin,1.3333333333333333,50,-111.6770983,40.6783598,0.0,FALSE
1/28/2018,West Willow,1.6666666666666667,150,-83.575967,42.247208,0.0,TRUE
1/25/2018,Davis Gulch,4.5,150,-110.9659007,37.2814198,0.0,TRUE
1/21/2018,Snake Creek,2.5,250,-109.6782053,37.2787425,0.0,TRUE
1/20/2018,Porter Fork,3,150,-111.7121964,40.6891988,0.0,TRUE
1/16/2018,Davenport Hill,2.5,125,-111.6221452,40.599395,0.0,TRUE
1/13/2018,Snake Creek,2,90,-109.6782053,37.2787425,0.0,TRUE
1/13/2018,Snake Creek,0.8333333333333334,200,-109.6782053,37.2787425,0.0,FALSE
1/13/2018,Grizzly Gulch,2.5,100,-111.6176169,40.5945374,0.0,TRUE
1/10/2018,Claytons,1.1666666666666667,1000,-112.0268012,41.1631243,0.0,TRUE
1/10/2018,Grizzly Gulch,1.5,20,-111.6176169,40.5945374,0.0,FALSE
1/10/2018,Twin Lakes Pass,1.5,150,-111.609145,40.5945855,0.0,TRUE
1/10/2018,10420,1,100,-111.5583795,40.6000653,0.0,TRUE
1/10/2018,West Monitor,2,1500,-109.7356695,38.6605375,0.0,TRUE
1/10/2018,No Name Bowl,1.6666666666666667,125,-112.03515604246542,40.5208607,0.0,TRUE
1/9/2018,Meadows,1.0833333333333333,100,-111.9471139,40.5218341,0.0,TRUE
1/7/2018,Cardiff Peak,2,40,-111.6528203,40.5950092,0.0,FALSE
1/7/2018,Porter Fork,2,150,-111.7121964,40.6891988,0.0,TRUE
1/7/2018,Main Days,1,20,-111.464035,40.134356,0.0,FALSE
12/29/2017,Honeycomb,1.6666666666666667,40,-111.6111706,40.6122585,0.0,FALSE
12/27/2017,Evergreen Ridge,1.25,400,-111.87716,40.9041117,0.0,TRUE
12/27/2017,Murdock Peak,1.6666666666666667,250,-111.604647,40.693559,0.0,TRUE
12/25/2017,Mill D North,1,40,-111.610573,40.660987,0.0,FALSE
12/24/2017,Alexander Basin,0.5,10,-111.6770983,40.6783598,0.0,FALSE
12/24/2017,Main Porter,0.16666666666666666,40,-111.7116604,40.6717193,0.0,FALSE
12/23/2017,Twin Lakes Pass,1.5,80,-111.609145,40.5945855,0.0,TRUE
11/18/2017,Alta Ski Area,1.5,1000,-111.6384012,40.5882366,0.0,TRUE
11/17/2017,Little Cottonwood Canyon,1.3333333333333333,2500,-109.0738217,37.7801637,0.0,TRUE
4/29/2017,Superior,2,150,-111.9164388,40.799927,0.0,TRUE
4/29/2017,Bells Canyon,1,40,-111.7501542,40.5410271,0.0,FALSE
4/29/2017,Meadows,0.5,200,-111.9471139,40.5218341,0.0,FALSE
4/28/2017,Little Superior,1,60,-111.9164388,40.799927,0.0,TRUE
4/28/2017,Murdock Peak,1,60,-111.604647,40.693559,0.0,TRUE
4/27/2017,Flagstaff Ridge,0.6666666666666666,60,-111.3121191,39.0702482,0.0,FALSE
4/27/2017,Honeycomb,0.8333333333333334,30,-111.6111706,40.6122585,0.0,FALSE
4/25/2017,Main Days,2,200,-111.464035,40.134356,0.0,TRUE
4/25/2017,Twin Lakes Pass,1.3333333333333333,450,-111.609145,40.5945855,0.0,TRUE
4/25/2017,Days Fork,1.3333333333333333,450,-111.6364591,40.621971,0.0,TRUE
4/23/2017,Baldy,1,50,-113.4094176,39.1921732,0.0,FALSE
4/11/2017,Snowbird Ski Resort,0.8333333333333334,100,-111.6575124,40.5805298,0.0,FALSE
4/10/2017,Mineral Basin,0.5833333333333334,100,-111.6395285,40.5585898,0.0,FALSE
4/9/2017,Snake Creek,0.5,60,-109.6782053,37.2787425,0.0,FALSE
3/28/2017,Pioneer Ridge,0.3333333333333333,15,-112.8498287,37.6996004,0.0,FALSE
3/28/2017,No Name Baldy,1,100,-112.0028498,40.6070899,0.0,TRUE
3/28/2017,Claytons,0.6666666666666666,70,-112.0268012,41.1631243,0.0,FALSE
3/28/2017,Snake Creek,0.08333333333333333,30,-109.6782053,37.2787425,0.0,FALSE
3/27/2017,East Bowl,0.4166666666666667,80,-111.677609,40.326168,0.0,FALSE
3/26/2017,Butler Basin,0.5,50,-109.80056559943675,38.00155435,0.0,FALSE
3/24/2017,Lake Peak,0.5,100,-112.356041,38.3371967,0.0,FALSE
3/14/2017,No Name Bowl,0.3333333333333333,35,-112.03515604246542,40.5208607,0.0,FALSE
2/24/2017,Hogum,3,150,-111.7198577,40.5522892,0.0,TRUE
2/19/2017,Sunset Peak,1,200,-111.5936177,40.5771083,0.0,TRUE
2/19/2017,Maybird Gulch,0.6666666666666666,40,-111.7061957,40.5594808,0.0,FALSE
2/19/2017,10420,0.8333333333333334,50,-111.5583795,40.6000653,0.0,FALSE
2/19/2017,Main Days,0.8333333333333334,200,-111.464035,40.134356,0.0,FALSE
2/19/2017,No Name Bowl,0.5,60,-112.03515604246542,40.5208607,0.0,FALSE
2/19/2017,Lake Peak,0.8333333333333334,45,-112.356041,38.3371967,0.0,FALSE
2/18/2017,White Pine,0.3333333333333333,10,-112.0293301,41.147734,0.0,FALSE
2/18/2017,Bells Canyon,1.25,60,-111.7501542,40.5410271,0.0,TRUE
2/16/2017,White Pine,0.25,50,-112.0293301,41.147734,0.0,FALSE
2/16/2017,Mill B South,0.9166666666666666,60,-111.7143584,39.4225192,0.0,FALSE
2/13/2017,Salt Lake,0.6666666666666666,30,-111.9103124,40.6632297,0.0,FALSE
2/13/2017,Hogum,0.8333333333333334,80,-111.7198577,40.5522892,0.0,FALSE
2/12/2017,Hogum,0.6666666666666666,40,-111.7198577,40.5522892,0.0,FALSE
2/12/2017,White Pine,0.3333333333333333,5,-112.0293301,41.147734,0.0,FALSE
2/12/2017,Monte Cristo,0.5,450,-111.6713168,40.5913286,0.0,FALSE
2/11/2017,White Pine,0.16666666666666666,1500,-112.0293301,41.147734,0.0,FALSE
2/11/2017,Scott Hill,0.8333333333333334,250,-111.5671427,40.6243952,0.0,FALSE
2/11/2017,Tuscarora,1.6666666666666667,200,-111.5987748,40.5845206,0.0,TRUE
2/11/2017,White Pine,0.16666666666666666,1500,-112.0293301,41.147734,0.0,FALSE
2/11/2017,Scott Hill,0.8333333333333334,250,-111.5671427,40.6243952,0.0,FALSE
2/11/2017,Tuscarora,1.6666666666666667,200,-111.5987748,40.5845206,0.0,TRUE
2/8/2017,West Monitor,1.0833333333333333,150,-109.7356695,38.6605375,0.0,TRUE
2/7/2017,Doughnut Falls,1,175,-111.654507,40.6309206,0.0,TRUE
1/31/2017,Summit Park,1.5833333333333333,200,-111.59359465474188,40.7550775,0.0,TRUE
1/29/2017,Murdock Peak,2,125,-111.604647,40.693559,0.0,TRUE
1/27/2017,Summit Park,4,100,-111.59359465474188,40.7550775,0.0,TRUE
1/27/2017,Lambs Canyon,2,80,-111.62674,40.719188,0.0,TRUE
1/27/2017,Murdock Peak,2,800,-111.604647,40.693559,0.0,TRUE
1/27/2017,Mary Ellen,1,80,-111.6209906,40.5314259,0.0,TRUE
1/27/2017,Little Superior,1.5,45,-111.9164388,40.799927,0.0,FALSE
1/27/2017,Summit Park,1.5,30,-111.59359465474188,40.7550775,0.0,FALSE
1/24/2017,Bear Trap,2,200,-113.118597,37.430759,0.0,TRUE
1/23/2017,Reynolds Pk,0.75,200,-112.097711,40.7078652,0.0,FALSE
1/23/2017,Maybird Gulch,2,40,-111.7061957,40.5594808,0.0,FALSE
1/23/2017,Gobblers Knob,2,350,-111.682808,40.67074,0.0,TRUE
1/23/2017,Butler Basin,2,200,-109.80056559943675,38.00155435,0.0,TRUE
1/22/2017,Murdock Peak,1.6666666666666667,100,-111.604647,40.693559,0.0,TRUE
1/22/2017,Rocky Point,2,60,-114.0150068,40.3116003,0.0,TRUE
1/22/2017,Lambs Canyon,1.5,50,-111.62674,40.719188,0.0,FALSE
1/21/2017,Foothills,1.3333333333333333,20,-111.6340578132484,40.2388504,0.0,FALSE
1/21/2017,Lambs Canyon,0.6666666666666666,40,-111.62674,40.719188,0.0,FALSE
1/21/2017,Mt Aire,0.4166666666666667,250,-111.695302,40.720283,0.0,FALSE
1/16/2017,Hogum,0.5833333333333334,60,-111.7198577,40.5522892,0.0,FALSE
1/16/2017,Hogum,0.3333333333333333,15,-111.7198577,40.5522892,0.0,FALSE
1/15/2017,Tuscarora,0.6666666666666666,40,-111.5987748,40.5845206,0.0,FALSE
1/14/2017,west porter,1.3333333333333333,500,-111.7121964,40.6891988,0.0,TRUE
1/10/2017,Pink Pine,1.25,80,-111.8943205,40.5617153,0.0,TRUE
1/10/2017,10420,1,150,-111.5583795,40.6000653,0.0,TRUE
1/9/2017,White Pine,0.8333333333333334,100,-112.0293301,41.147734,0.0,FALSE
1/8/2017,Mineral Basin,0.6666666666666666,100,-111.6395285,40.5585898,0.0,FALSE
1/8/2017,Foothills,0.5,40,-111.6340578132484,40.2388504,0.0,FALSE
1/5/2017,White Pine,1.5,125,-112.0293301,41.147734,0.0,TRUE
1/2/2017,No Name Bowl,1,70,-112.03515604246542,40.5208607,0.0,TRUE
1/2/2017,Neffs,1.6666666666666667,200,-111.7501551,40.6731884,0.0,TRUE
12/27/2016,Mill Creek Canyon,1.3333333333333333,25,-112.341963,37.3988505,0.0,FALSE
12/24/2016,East Bowl,1,250,-111.677609,40.326168,0.0,TRUE
12/19/2016,Raymond Peak,0.25,40,-111.7020519,40.6585713,0.0,FALSE
12/18/2016,Salt Lake,3,300,-111.9103124,40.6632297,0.0,TRUE
12/17/2016,Pioneer Peak,2,300,-111.5893649,40.5807848,0.0,TRUE
12/15/2016,West Monitor,1.6666666666666667,60,-109.7356695,38.6605375,0.0,TRUE
12/15/2016,Flagstaff Ridge,1.6666666666666667,70,-111.3121191,39.0702482,0.0,TRUE
12/14/2016,Grizzly Gulch,0.5,200,-111.6176169,40.5945374,0.0,FALSE
12/14/2016,Cardiff Fork,0.5,175,-111.6528203,40.5950092,0.0,FALSE
12/14/2016,Days Fork,0.5,60,-111.6364591,40.621971,0.0,FALSE
12/13/2016,Pink Pine,0.6666666666666666,30,-111.8943205,40.5617153,0.0,FALSE
12/12/2016,10420,2,30,-111.5583795,40.6000653,0.0,FALSE
12/10/2016,Twin Lakes area,0.3333333333333333,100,-115.1562271,36.1535965,0.0,FALSE
12/10/2016,Main Porter,0.8333333333333334,60,-111.7116604,40.6717193,0.0,FALSE
12/10/2016,Upper Days,0.6666666666666666,50,-112.0543509,40.6320337,0.0,FALSE
12/10/2016,Days Fork,2,50,-111.6364591,40.621971,0.0,FALSE
12/9/2016,No Name Bowl,1,50,-112.03515604246542,40.5208607,0.0,FALSE
11/30/2016,East Bowl,2,35,-111.677609,40.326168,0.0,FALSE
11/30/2016,East Bowl,2,45,-111.677609,40.326168,0.0,FALSE
11/22/2016,Baldy,0.6666666666666666,150,-113.4094176,39.1921732,0.0,FALSE
5/3/2016,Tuscarora,0.6666666666666666,60,-111.5987748,40.5845206,0.0,FALSE
4/28/2016,Pt. Supreme,0.4166666666666667,450,-111.6023478,40.572179,0.0,FALSE
4/27/2016,Millicent Peak,1,300,-111.5975113,40.5905511,0.0,TRUE
4/27/2016,Sunset Peak,0.3333333333333333,50,-111.5936177,40.5771083,0.0,FALSE
4/27/2016,West Rustler,1,30,-109.7444882,38.2915254,0.0,FALSE
4/27/2016,Baldy,1.3333333333333333,300,-113.4094176,39.1921732,0.0,TRUE
4/25/2016,Salt Lake,0.25,40,-111.9103124,40.6632297,0.0,FALSE
4/24/2016,Evergreen Ridge,0.75,30,-111.87716,40.9041117,0.0,FALSE
4/24/2016,Seagull,0.5,30,-111.8928314,40.7697574,0.0,FALSE
4/24/2016,Lake Peak,1.3333333333333333,150,-112.356041,38.3371967,0.0,TRUE
4/24/2016,Solitude,0.8333333333333334,20,-111.5919046,40.6202462,0.0,FALSE
4/24/2016,Davenport Hill,0.8333333333333334,50,-111.6221452,40.599395,0.0,FALSE
4/16/2016,Little Superior,3,200,-111.9164388,40.799927,0.0,TRUE
4/7/2016,Stairs Gulch,5,150,-111.7382043,40.6156207,0.0,TRUE
4/1/2016,Stairs Gulch,0.3333333333333333,20,-111.7382043,40.6156207,0.0,FALSE
3/29/2016,West Monitor,1.6666666666666667,60,-109.7356695,38.6605375,0.0,TRUE
3/29/2016,East Bowl,0.6666666666666666,50,-111.677609,40.326168,0.0,FALSE
3/29/2016,White Pine,1,100,-112.0293301,41.147734,0.0,TRUE
3/28/2016,Days Fork,0.6666666666666666,40,-111.6364591,40.621971,0.0,FALSE
3/28/2016,Main Days,0.5833333333333334,300,-111.464035,40.134356,0.0,FALSE
3/26/2016,Broads Fork,3.5,175,-111.7156044,40.6043718,0.0,TRUE
3/23/2016,Salt Lake,0.5,40,-111.9103124,40.6632297,0.0,FALSE
3/19/2016,Toledo Bowl,0.3333333333333333,15,-112.03515604246542,40.5208607,0.0,FALSE
3/16/2016,Murdock Peak,1.5,150,-111.604647,40.693559,0.0,TRUE
3/15/2016,Main Days,0.8333333333333334,40,-111.464035,40.134356,0.0,FALSE
3/15/2016,Argenta,1.5,70,-111.5976811,40.6233813,0.0,TRUE
3/15/2016,East Couloir,0.6666666666666666,30,-111.601565,40.2926764,0.0,FALSE
3/9/2016,Maybird Gulch,0.3333333333333333,80,-111.7061957,40.5594808,0.0,FALSE
2/27/2016,Murdock Pk,0.5,40,-112.9841225,38.5035763,0.0,FALSE
2/24/2016,West Bowl,3,100,-112.0336661,40.7038705,0.0,TRUE
2/21/2016,Mill B South,0.3333333333333333,50,-111.7143584,39.4225192,0.0,FALSE
2/20/2016,Mill B South,4,30,-111.7143584,39.4225192,0.0,FALSE
2/18/2016,Broads Fork,2.5,150,-111.7156044,40.6043718,0.0,TRUE
2/15/2016,No Name Bowl,0.5,150,-112.03515604246542,40.5208607,0.0,FALSE
2/2/2016,No Name Bowl,3,80,-112.03515604246542,40.5208607,0.0,TRUE
2/1/2016,No Name Bowl,2,100,-112.03515604246542,40.5208607,0.0,TRUE
1/26/2016,Davenport Hill,1.4166666666666667,70,-111.6221452,40.599395,0.0,TRUE
1/26/2016,Argenta,4.5,30,-111.5976811,40.6233813,0.0,FALSE
1/26/2016,Superior,1.75,80,-111.9164388,40.799927,0.0,TRUE
1/25/2016,West Monitor,1.25,125,-109.7356695,38.6605375,0.0,TRUE
1/24/2016,Elbow Fork,3,600,-111.692338,40.7111494,0.0,TRUE
1/24/2016,Gobblers Knob,2,1000,-111.682808,40.67074,0.0,TRUE
1/22/2016,Upper Days,0.16666666666666666,100,-112.0543509,40.6320337,0.0,FALSE
1/20/2016,West Monitor,3,700,-109.7356695,38.6605375,0.0,TRUE
1/20/2016,No Name Bowl,1.1666666666666667,600,-112.03515604246542,40.5208607,0.0,TRUE
1/20/2016,Reynolds Pk,1.0833333333333333,400,-112.097711,40.7078652,0.0,TRUE
1/20/2016,Meadows,0.6666666666666666,200,-111.9471139,40.5218341,0.0,FALSE
1/20/2016,Little Cottonwood Canyon,1.3333333333333333,30,-109.0738217,37.7801637,0.0,FALSE
1/20/2016,Mineral Fork,0.8333333333333334,300,-111.6853502,40.6210541,0.0,FALSE
1/20/2016,Grizzly Gulch,0.6666666666666666,90,-111.6176169,40.5945374,0.0,FALSE
1/19/2016,Twin Lakes Pass,2,60,-111.609145,40.5945855,0.0,TRUE
1/18/2016,No Name Bowl,2,30,-112.03515604246542,40.5208607,0.0,FALSE
1/17/2016,Rocky Point,4,100,-114.0150068,40.3116003,0.0,TRUE
1/16/2016,Meadows,1.25,45,-111.9471139,40.5218341,0.0,FALSE
1/16/2016,Lookout Peak,1.6666666666666667,100,-111.7174316,40.8346685,0.0,TRUE
1/16/2016,Lookout Peak,2,125,-111.7174316,40.8346685,0.0,TRUE
1/13/2016,Maybird Gulch,0.8333333333333334,40,-111.7061957,40.5594808,0.0,FALSE
1/10/2016,Days Fork,0.08333333333333333,40,-111.6364591,40.621971,0.0,FALSE
1/9/2016,Argenta,1,30,-111.5976811,40.6233813,0.0,FALSE
1/7/2016,Meadows,2.5,50,-111.9471139,40.5218341,0.0,FALSE
1/7/2016,Little Superior,1,50,-111.9164388,40.799927,0.0,FALSE
1/7/2016,Superior,0.5,50,-111.9164388,40.799927,0.0,FALSE
1/2/2016,Murdock Pk,8,200,-112.9841225,38.5035763,0.0,TRUE
1/1/2016,Mineral Fork,0.4166666666666667,50,-111.6853502,40.6210541,0.0,FALSE
1/1/2016,Little Water,3,250,-109.5517824,37.1033343,0.0,TRUE
12/26/2015,Rocky Point,5,175,-114.0150068,40.3116003,0.0,TRUE
12/25/2015,Argenta,3.5,250,-111.5976811,40.6233813,0.0,TRUE
12/24/2015,Little Water,2.5,150,-109.5517824,37.1033343,0.0,TRUE
12/23/2015,Powder Park,7,100,-111.6674113,37.0825883,0.0,TRUE
12/23/2015,Big West,4,80,-93.3807313,44.7211857,0.0,TRUE
12/23/2015,Stairs Gulch,3,100,-111.7382043,40.6156207,0.0,TRUE
12/23/2015,Evergreen Ridge,3.5,700,-111.87716,40.9041117,0.0,TRUE
12/23/2015,Meadows,3,100,-111.9471139,40.5218341,0.0,TRUE
12/23/2015,10420,4,1000,-111.5583795,40.6000653,0.0,TRUE
12/23/2015,No Name Bowl,3,250,-112.03515604246542,40.5208607,0.0,TRUE
12/23/2015,No Name Bowl,2,600,-112.03515604246542,40.5208607,0.0,TRUE
12/21/2015,Brighton,2,30,-111.5833147,40.6018223,0.0,FALSE
12/17/2015,No Name Bowl,2,125,-112.03515604246542,40.5208607,0.0,TRUE
12/17/2015,Dutch Draw,2.5,200,-109.4192889,40.9361428,0.0,TRUE
12/14/2015,Bonanza Flats,1,50,-109.1773388,40.0210781,0.0,FALSE
12/6/2015,Upper Days,0.6666666666666666,20,-112.0543509,40.6320337,0.0,FALSE
12/6/2015,Montreal Hill,0.8333333333333334,50,-111.6621479,40.6116164,0.0,FALSE
11/11/2015,Gunsight,0.6666666666666666,20,-110.3571939,40.7939529,0.0,FALSE
11/11/2015,Mt Baldy,1.25,60,-111.5776983,39.760237,0.0,TRUE
11/11/2015,Rocky Point,0.5,15,-114.0150068,40.3116003,0.0,FALSE
5/17/2015,Pioneer Ridge,0.5,15,-112.8498287,37.6996004,0.0,FALSE
5/2/2015,Little Cottonwood Canyon,2,50,-109.0738217,37.7801637,0.0,FALSE
4/26/2015,Pioneer Peak,0.3333333333333333,35,-111.5893649,40.5807848,0.0,FALSE
4/15/2015,Honeycomb,1,25,-111.6111706,40.6122585,0.0,FALSE
3/29/2015,Stairs Gulch,3,100,-111.7382043,40.6156207,0.0,TRUE
3/24/2015,Tuscarora,0.5833333333333334,50,-111.5987748,40.5845206,0.0,FALSE
3/6/2015,Superior,1,40,-111.9164388,40.799927,0.0,FALSE
3/5/2015,East Kessler,2,150,-111.6687569,40.6251165,0.0,TRUE
3/5/2015,Seagull,2,40,-111.8928314,40.7697574,0.0,FALSE
3/4/2015,Upper Days,2.5,25,-112.0543509,40.6320337,0.0,FALSE
3/4/2015,Home Run,1.5,200,-109.5430691,38.5893873,0.0,TRUE
3/4/2015,Wilson Fork,2,80,-111.6565895,40.6825329,0.0,TRUE
3/4/2015,Butler Basin,2,200,-109.80056559943675,38.00155435,0.0,TRUE
3/4/2015,Bonanza Flats,0.6666666666666666,30,-109.1773388,40.0210781,0.0,FALSE
3/4/2015,Argenta,2,50,-111.5976811,40.6233813,0.0,FALSE
3/3/2015,Mill B South,2.5,50,-111.7143584,39.4225192,0.0,FALSE
3/3/2015,West Monitor,1.0833333333333333,60,-109.7356695,38.6605375,0.0,TRUE
3/3/2015,Mill B South,3,100,-111.7143584,39.4225192,0.0,TRUE
3/3/2015,Mill B South,3.5,125,-111.7143584,39.4225192,0.0,TRUE
3/3/2015,Snake Creek,0.25,1500,-109.6782053,37.2787425,0.0,FALSE
3/3/2015,East Kessler,1,100,-111.6687569,40.6251165,0.0,TRUE
3/3/2015,Mill B South,2.5,100,-111.7143584,39.4225192,0.0,TRUE
3/3/2015,Mill B South,3,100,-111.7143584,39.4225192,0.0,TRUE
2/23/2015,White Pine,0.6666666666666666,30,-112.0293301,41.147734,0.0,FALSE
2/22/2015,Grandview Peak,1,50,-111.7521555,40.8516128,0.0,FALSE
2/21/2015,Twin Lakes Pass,1.5,100,-111.609145,40.5945855,0.0,TRUE
2/4/2015,West Monitor,1,30,-109.7356695,38.6605375,0.0,FALSE
1/25/2015,Meadows,0.5,50,-111.9471139,40.5218341,0.0,FALSE
1/24/2015,Days Fork,0.16666666666666666,5,-111.6364591,40.621971,0.0,FALSE
1/19/2015,Murdock Peak,1.1666666666666667,25,-111.604647,40.693559,0.0,FALSE
1/17/2015,Lambs,1,50,-113.109945,37.3047036,0.0,FALSE
1/17/2015,Mill Creek Canyon,1.1666666666666667,200,-112.341963,37.3988505,0.0,TRUE
1/17/2015,10420,0.6666666666666666,50,-111.5583795,40.6000653,0.0,FALSE
1/16/2015,Little Water,1.5,50,-109.5517824,37.1033343,0.0,FALSE
1/16/2015,Alexander Basin,0.8333333333333334,50,-111.6770983,40.6783598,0.0,FALSE
1/15/2015,High Ivory,1.5,80,-111.77175512670067,40.3560901,0.0,TRUE
1/14/2015,Alexander Basin,0.8333333333333334,40,-111.6770983,40.6783598,0.0,FALSE
1/12/2015,West Bowl,1.3333333333333333,50,-112.0336661,40.7038705,0.0,FALSE
1/7/2015,Snake Creek,1,70,-109.6782053,37.2787425,0.0,TRUE
1/6/2015,Murdock Peak,2,300,-111.604647,40.693559,0.0,TRUE
1/3/2015,Snake Creek,0.25,125,-109.6782053,37.2787425,0.0,FALSE
12/26/2014,Dutch Draw,2.5,300,-109.4192889,40.9361428,0.0,TRUE
12/26/2014,Dutch Draw,2.5,300,-109.4192889,40.9361428,0.0,TRUE
12/22/2014,East Bowl,2,40,-111.677609,40.326168,0.0,FALSE
12/22/2014,West Willow,1,1500,-83.575967,42.247208,0.0,TRUE
12/22/2014,No Name Bowl,1.3333333333333333,125,-112.03515604246542,40.5208607,0.0,TRUE
12/21/2014,White Pine,1,50,-112.0293301,41.147734,0.0,FALSE
12/21/2014,Dutch Draw,2,200,-109.4192889,40.9361428,0.0,TRUE
12/21/2014,Bear Trap,1,60,-113.118597,37.430759,0.0,TRUE
12/21/2014,Twin Lakes Pass,1,80,-111.609145,40.5945855,0.0,TRUE
12/21/2014,Twin Lakes Pass,0.5833333333333334,50,-111.609145,40.5945855,0.0,FALSE
12/21/2014,Twin Lakes Pass,0.8333333333333334,80,-111.609145,40.5945855,0.0,FALSE
12/19/2014,No Name Bowl,0.8333333333333334,20,-112.03515604246542,40.5208607,0.0,FALSE
12/15/2014,Little Superior,0.5,20,-111.9164388,40.799927,0.0,FALSE
11/27/2014,Pioneer Ridge,2,50,-112.8498287,37.6996004,0.0,FALSE
11/26/2014,Sunset Peak,2.5,900,-111.5936177,40.5771083,0.0,TRUE
11/26/2014,Grizzly Gulch,6,150,-111.6176169,40.5945374,0.0,TRUE
11/23/2014,Days Fork,1.6666666666666667,500,-111.6364591,40.621971,0.0,TRUE
11/23/2014,West Monitor,1.5,700,-109.7356695,38.6605375,0.0,TRUE
11/23/2014,No Name Bowl,1.5,800,-112.03515604246542,40.5208607,0.0,TRUE
11/23/2014,10420,1.5,200,-111.5583795,40.6000653,0.0,TRUE
11/15/2014,Devils Castle,1.1666666666666667,250,-111.6134974,40.5655184,0.0,TRUE
11/15/2014,Sugarloaf,1.3333333333333333,400,-110.4798718,39.3308344,0.0,TRUE
11/15/2014,Davenport Hill,1.5,200,-111.6221452,40.599395,0.0,TRUE
11/15/2014,Rocky Point,1.5,50,-114.0150068,40.3116003,0.0,FALSE
5/19/2014,Big Willow,6,300,-111.8959303,40.5239148,0.0,TRUE
4/28/2014,West Bowl,1.5,50,-112.0336661,40.7038705,0.0,FALSE
4/28/2014,Brighton,1.25,60,-111.5833147,40.6018223,0.0,TRUE
4/28/2014,Days Fork,1.1666666666666667,400,-111.6364591,40.621971,0.0,TRUE
4/27/2014,Little Superior,0.6666666666666666,100,-111.9164388,40.799927,0.0,FALSE
4/11/2014,Stairs Gulch,3,50,-111.7382043,40.6156207,0.0,FALSE
4/7/2014,Cardiff Pass,0.6666666666666666,30,-111.6514741,40.5960596,0.0,FALSE
4/7/2014,Limber Pine,1.3333333333333333,40,-111.4743762,41.9199327,0.0,FALSE
4/7/2014,Pfeifferhorn,0.8333333333333334,100,-111.7057945,40.5337158,0.0,FALSE
4/1/2014,Cardiff Pass,1,100,-111.6514741,40.5960596,0.0,TRUE
4/1/2014,Little Water,0.5,30,-109.5517824,37.1033343,0.0,FALSE
3/31/2014,Reynolds Pk,1,100,-112.097711,40.7078652,0.0,TRUE
3/29/2014,Mineral Fork,1.5,40,-111.6853502,40.6210541,0.0,FALSE
3/29/2014,Lake Peak,1,60,-112.356041,38.3371967,0.0,TRUE
3/27/2014,White Pine,1.1666666666666667,200,-112.0293301,41.147734,0.0,TRUE
3/27/2014,Dutch Draw,0.8333333333333334,200,-109.4192889,40.9361428,0.0,FALSE
3/27/2014,Pink Pine,0.6666666666666666,50,-111.8943205,40.5617153,0.0,FALSE
3/27/2014,Superior,1.3333333333333333,60,-111.9164388,40.799927,0.0,TRUE
3/27/2014,Pioneer Ridge,0.8333333333333334,50,-112.8498287,37.6996004,0.0,FALSE
3/27/2014,Silver Fork,1.25,100,-111.6195606,40.6181712,0.0,TRUE
3/27/2014,Lake Peak,0.8333333333333334,175,-112.356041,38.3371967,0.0,FALSE
3/15/2014,Lake Peak,0.6666666666666666,60,-112.356041,38.3371967,0.0,FALSE
3/12/2014,Monte Cristo,0.3333333333333333,40,-111.6713168,40.5913286,0.0,FALSE
3/12/2014,Two Trees,0.5,20,-111.9217153,40.7786142,0.0,FALSE
3/8/2014,Broads Fork,4,45,-111.7156044,40.6043718,0.0,FALSE
3/1/2014,Red Baldy,6,1000,-111.6671395,40.5403139,0.0,TRUE
3/1/2014,Silver Fork,1.1666666666666667,80,-111.6195606,40.6181712,0.0,TRUE
3/1/2014,Cardiff Fork,3.5,200,-111.6528203,40.5950092,0.0,TRUE
3/1/2014,Michigan City,1.3333333333333333,150,-83.528998,42.154455,0.0,TRUE
2/28/2014,Flagstaff Ridge,1,100,-111.3121191,39.0702482,0.0,TRUE
2/28/2014,Lackawaxen,1,50,-111.55525444284388,40.59180965,0.0,FALSE
2/28/2014,Lackawaxen,1.1666666666666667,350,-111.55525444284388,40.59180965,0.0,TRUE
2/28/2014,Pink Pine,1,80,-111.8943205,40.5617153,0.0,TRUE
2/25/2014,Mineral Fork,2.5,50,-111.6853502,40.6210541,0.0,FALSE
2/19/2014,west porter,2,350,-111.7121964,40.6891988,0.0,TRUE
2/18/2014,Broads Fork,4,1000,-111.7156044,40.6043718,0.0,TRUE
2/16/2014,Gobblers,3,200,-111.682808,40.67074,0.0,TRUE
2/16/2014,Wilson Fork,3,250,-111.6565895,40.6825329,0.0,TRUE
2/15/2014,Flagstaff Ridge,0.6666666666666666,100,-111.3121191,39.0702482,0.0,FALSE
2/15/2014,Dutch Draw,2,50,-109.4192889,40.9361428,0.0,FALSE
2/15/2014,Dutch Draw,2,50,-109.4192889,40.9361428,0.0,FALSE
2/15/2014,Twin Lakes Pass,4,200,-111.609145,40.5945855,0.0,TRUE
2/14/2014,upper Days,4,40,-112.0543509,40.6320337,0.0,FALSE
2/14/2014,Guild Line,3.5,150,-111.8486338,40.6924614,0.0,TRUE
2/14/2014,West Monitor,3,40,-109.7356695,38.6605375,0.0,FALSE
2/12/2014,Lake Mary,3,35,-111.59051892399754,40.5892188,0.0,FALSE
2/11/2014,Mars Hill,4,90,-111.8896144,40.5978649,0.0,TRUE
2/11/2014,Mineral Fork,4,300,-111.6853502,40.6210541,0.0,TRUE
2/11/2014,10420,1,100,-111.5583795,40.6000653,0.0,TRUE
2/11/2014,Lake Mary,4,60,-111.59051892399754,40.5892188,0.0,TRUE
2/10/2014,Grizzly Gulch,0.5,30,-111.6176169,40.5945374,0.0,FALSE
2/10/2014,West Monitor,6,1000,-109.7356695,38.6605375,0.0,TRUE
2/10/2014,Grizzly Gulch,1,60,-111.6176169,40.5945374,0.0,TRUE
2/9/2014,Little Water Peak,1.3333333333333333,150,-111.627703,40.671892,0.0,TRUE
2/9/2014,Upper Mill Creek,2,50,-109.4900704,38.5705062,0.0,FALSE
2/8/2014,Tri-county Peak,3,300,-111.5532075,40.6099141,0.0,TRUE
2/8/2014,Lookout Peak,2,125,-111.7174316,40.8346685,0.0,TRUE
2/8/2014,White Pine,2,80,-112.0293301,41.147734,0.0,TRUE
2/8/2014,Summit Park,1.1666666666666667,80,-111.59359465474188,40.7550775,0.0,TRUE
2/8/2014,Doughnut Falls,0.6666666666666666,40,-111.654507,40.6309206,0.0,FALSE
2/8/2014,Snake Creek,2,50,-109.6782053,37.2787425,0.0,FALSE
2/7/2014,Grizzly Gulch,0.6666666666666666,100,-111.6176169,40.5945374,0.0,FALSE
2/7/2014,Flagstaff Ridge,1.6666666666666667,100,-111.3121191,39.0702482,0.0,TRUE
2/6/2014,Monte Cristo,0.8333333333333334,40,-111.6713168,40.5913286,0.0,FALSE
2/6/2014,Argenta,0.75,50,-111.5976811,40.6233813,0.0,FALSE
2/5/2014,White Pine,0.6666666666666666,25,-112.0293301,41.147734,0.0,FALSE
2/5/2014,Lake Peak,0.5,20,-112.356041,38.3371967,0.0,FALSE
2/5/2014,Porter Fork,1,30,-111.7121964,40.6891988,0.0,FALSE
2/2/2014,High Ivory,0.75,350,-111.77175512670067,40.3560901,0.0,FALSE
1/31/2014,Snake Creek,0.8333333333333334,100,-109.6782053,37.2787425,0.0,FALSE
1/30/2014,No Name Bowl,0.9166666666666666,80,-112.03515604246542,40.5208607,0.0,FALSE
1/30/2014,Lackawaxen,0.8333333333333334,40,-111.55525444284388,40.59180965,0.0,FALSE
1/12/2014,Mineral Fork,3.5,80,-111.6853502,40.6210541,0.0,TRUE
1/11/2014,Gobblers,1.3333333333333333,150,-111.682808,40.67074,0.0,TRUE
1/10/2014,No Name Bowl,0.16666666666666666,150,-112.03515604246542,40.5208607,0.0,FALSE
1/10/2014,Tuscarora,2,100,-111.5987748,40.5845206,0.0,TRUE
1/10/2014,Raymond Peak,1.5,150,-111.7020519,40.6585713,0.0,TRUE
1/9/2014,Alexander Basin,1,35,-111.6770983,40.6783598,0.0,FALSE
1/9/2014,Reynolds Peak,0.8333333333333334,100,-111.645712,40.6620683,0.0,FALSE
1/9/2014,Reynolds Peak,1,40,-111.645712,40.6620683,0.0,FALSE
12/21/2013,Meadows,2,50,-111.9471139,40.5218341,0.0,FALSE
12/20/2013,Dutch Draw,2.5,100,-109.4192889,40.9361428,0.0,TRUE
12/20/2013,Pioneer Ridge,2,60,-112.8498287,37.6996004,0.0,TRUE
12/20/2013,White Pine Canyon,2,50,-111.624233,41.3040279,0.0,FALSE
12/20/2013,White Pine Canyon,2,35,-111.624233,41.3040279,0.0,FALSE
12/19/2013,West Monitor,1.25,15,-109.7356695,38.6605375,0.0,FALSE
12/19/2013,Davenport Hill,1,150,-111.6221452,40.599395,0.0,TRUE
12/19/2013,Dutch Draw,2,40,-109.4192889,40.9361428,0.0,FALSE
12/19/2013,Silver Fork,0.16666666666666666,40,-111.6195606,40.6181712,0.0,FALSE
12/14/2013,Silver Fork,1,20,-111.6195606,40.6181712,0.0,FALSE
12/9/2013,upper Days,0.16666666666666666,50,-112.0543509,40.6320337,0.0,FALSE
12/8/2013,White Pine,1.5,90,-112.0293301,41.147734,0.0,TRUE
12/8/2013,Days Fork,1.25,20,-111.6364591,40.621971,0.0,FALSE
12/8/2013,Pioneer Ridge,1,125,-112.8498287,37.6996004,0.0,TRUE
12/8/2013,Sunset Peak,1.0833333333333333,125,-111.5936177,40.5771083,0.0,TRUE
12/8/2013,Davenport Hill,3,60,-111.6221452,40.599395,0.0,TRUE
12/7/2013,East Bowl,0.5,100,-111.677609,40.326168,0.0,FALSE
12/7/2013,Raymond Peak,1.6666666666666667,50,-111.7020519,40.6585713,0.0,FALSE
12/7/2013,Butler Basin,0.6666666666666666,500,-109.80056559943675,38.00155435,0.0,FALSE
12/6/2013,Rocky Point,1.5,25,-114.0150068,40.3116003,0.0,FALSE
12/5/2013,West Monitor,0.5,25,-109.7356695,38.6605375,0.0,FALSE
12/5/2013,Rocky Point,0.6666666666666666,80,-114.0150068,40.3116003,0.0,FALSE
12/4/2013,10420,2,60,-111.5583795,40.6000653,0.0,TRUE
12/3/2013,Evergreen Ridge,1,100,-111.87716,40.9041117,0.0,TRUE
12/3/2013,Salt Lake,0.5,25,-111.9103124,40.6632297,0.0,FALSE
12/3/2013,10420,0.3333333333333333,400,-111.5583795,40.6000653,0.0,FALSE
12/3/2013,Evergreen Ridge,1,60,-111.87716,40.9041117,0.0,TRUE
11/24/2013,Davenport Hill,1.5,60,-111.6221452,40.599395,0.0,TRUE
11/17/2013,Sunset Peak,2,45,-111.5936177,40.5771083,0.0,FALSE
11/17/2013,Twin Lakes Pass,0.16666666666666666,25,-111.609145,40.5945855,0.0,FALSE
11/17/2013,Deer Valley,2.5,40,-110.882058,40.7194113,0.0,FALSE
11/16/2013,Rocky Point,0.6666666666666666,60,-114.0150068,40.3116003,0.0,FALSE
11/6/2013,Mt Baldy,2,200,-111.5776983,39.760237,0.0,TRUE
10/29/2013,Collins Gulch,0.8333333333333334,60,-111.637878,40.5802887,0.0,FALSE
10/29/2013,Collins Gulch,0.8333333333333334,30,-111.637878,40.5802887,0.0,FALSE
10/29/2013,Brighton,0.8333333333333334,50,-111.5833147,40.6018223,0.0,FALSE
5/19/2013,Snowbird Ski Resort,1.25,5,-111.6575124,40.5805298,0.0,FALSE
5/5/2013,Pfeifferhorn,1.5,150,-111.7057945,40.5337158,0.0,TRUE
5/5/2013,Broads Fork,4,200,-111.7156044,40.6043718,0.0,TRUE
4/21/2013,Seagull,1,70,-111.8928314,40.7697574,0.0,TRUE
4/21/2013,Little Superior,0.6666666666666666,90,-111.9164388,40.799927,0.0,FALSE
4/21/2013,Mt Olympus,0.5,40,-111.7710817,40.6567926,0.0,FALSE
4/20/2013,Twin Lakes Pass,0.8333333333333334,150,-111.609145,40.5945855,0.0,FALSE
4/20/2013,Rocky Point,1.1666666666666667,500,-114.0150068,40.3116003,0.0,TRUE
4/20/2013,Cardiff Pass,0.6666666666666666,200,-111.6514741,40.5960596,0.0,FALSE
4/11/2013,Cardiff Pass,0.75,60,-111.6514741,40.5960596,0.0,FALSE
4/10/2013,West Monitor,0.8333333333333334,30,-109.7356695,38.6605375,0.0,FALSE
4/9/2013,Claytons,0.8333333333333334,175,-112.0268012,41.1631243,0.0,FALSE
4/9/2013,Toledo Bowl,1.5,200,-112.03515604246542,40.5208607,0.0,TRUE
4/9/2013,Grizzly Gulch,0.75,30,-111.6176169,40.5945374,0.0,FALSE
4/2/2013,Cardiff Peak,1.3333333333333333,60,-111.6528203,40.5950092,0.0,TRUE
3/24/2013,Dromedary Peak,1.75,100,-111.7059748,40.5930945,0.0,TRUE
3/24/2013,Santiago,1.25,100,-111.8493069,40.6240635,0.0,TRUE
3/23/2013,Flanigans,1,30,-112.9930141,37.1949609,0.0,FALSE
3/23/2013,West Monitor,1.8333333333333333,40,-109.7356695,38.6605375,0.0,FALSE
3/23/2013,Little Superior,0.75,60,-111.9164388,40.799927,0.0,FALSE
3/23/2013,Meadows,0.8333333333333334,80,-111.9471139,40.5218341,0.0,FALSE
3/21/2013,Pioneer Peak,0.8333333333333334,50,-111.5893649,40.5807848,0.0,FALSE
3/21/2013,Mill B South,0.8333333333333334,25,-111.7143584,39.4225192,0.0,FALSE
3/20/2013,Upper Days,0.6666666666666666,150,-112.0543509,40.6320337,0.0,FALSE
3/15/2013,West Monitor,3,175,-109.7356695,38.6605375,0.0,TRUE
3/10/2013,West Willow,1.25,100,-83.575967,42.247208,0.0,TRUE
3/10/2013,Superior,0.3333333333333333,80,-111.9164388,40.799927,0.0,FALSE
3/9/2013,Alexander Basin,2.5,35,-111.6770983,40.6783598,0.0,FALSE
3/9/2013,Little Pine,0.4166666666666667,40,-111.7143584,39.4225192,0.0,FALSE
3/5/2013,Superior,0.8333333333333334,100,-111.9164388,40.799927,0.0,FALSE
3/5/2013,Superior,0.25,20,-111.9164388,40.799927,0.0,FALSE
3/4/2013,Reynolds Peak,0.5,50,-111.645712,40.6620683,0.0,FALSE
3/4/2013,Superior,1.3333333333333333,150,-111.9164388,40.799927,0.0,TRUE
3/4/2013,Dutch Draw,0.6666666666666666,40,-109.4192889,40.9361428,0.0,FALSE
3/4/2013,Summit Park,2.5,175,-111.59359465474188,40.7550775,0.0,TRUE
3/3/2013,Cardiff Fork,0.6666666666666666,20,-111.6528203,40.5950092,0.0,FALSE
3/2/2013,Main Porter,2,30,-111.7116604,40.6717193,0.0,FALSE
2/25/2013,Hellgate,1,50,-111.4162774,41.1602453,0.0,FALSE
2/24/2013,Tuscarora,1.5,100,-111.5987748,40.5845206,0.0,TRUE
2/24/2013,Toledo Bowl,0.8333333333333334,150,-112.03515604246542,40.5208607,0.0,FALSE
2/19/2013,Hogum,0.4166666666666667,100,-111.7198577,40.5522892,0.0,FALSE
2/19/2013,Hogum,1.6666666666666667,100,-111.7198577,40.5522892,0.0,TRUE
2/17/2013,Little Water Peak,0.4166666666666667,200,-111.627703,40.671892,0.0,FALSE
2/16/2013,Cardiff Fork,1.3333333333333333,40,-111.6528203,40.5950092,0.0,FALSE
2/14/2013,Maybird Gulch,1.3333333333333333,60,-111.7061957,40.5594808,0.0,TRUE
2/12/2013,Little Superior,1,30,-111.9164388,40.799927,0.0,FALSE
2/2/2013,Upper Days,2.5,50,-112.0543509,40.6320337,0.0,FALSE
2/1/2013,Little Willow,1.25,175,-111.8852122,40.560504,0.0,TRUE
2/1/2013,Little Willow,1.25,150,-111.8852122,40.560504,0.0,TRUE
1/31/2013,Bear Trap,1.5,60,-113.118597,37.430759,0.0,TRUE
1/31/2013,South Monitor,2,400,-109.7356695,38.6605375,0.0,TRUE
1/30/2013,Reynolds Peak,3,40,-111.645712,40.6620683,0.0,FALSE
1/28/2013,Maybird Gulch,2,200,-111.7061957,40.5594808,0.0,TRUE
1/26/2013,Red Baldy,1,125,-111.6671395,40.5403139,0.0,TRUE
1/18/2013,Grandview Peak,1,50,-111.7521555,40.8516128,0.0,FALSE
1/15/2013,Little Superior,2.5,400,-111.9164388,40.799927,0.0,TRUE
1/12/2013,Broads Fork,2,300,-111.7156044,40.6043718,0.0,TRUE
1/12/2013,West Willow,1,30,-83.575967,42.247208,0.0,FALSE
1/12/2013,Mt Aire,1.5,100,-111.695302,40.720283,0.0,TRUE
1/12/2013,Mt Aire,1.6666666666666667,70,-111.695302,40.720283,0.0,TRUE
1/12/2013,Antelope Island,1.5,20,-112.2108632608915,40.9584366,0.0,FALSE
1/11/2013,Alexander Basin,1.5,50,-111.6770983,40.6783598,0.0,FALSE
1/9/2013,Lewis Peak,3,100,-111.9217658,41.2793355,0.0,TRUE
1/1/2013,Pt. Supreme,1,40,-111.6023478,40.572179,0.0,FALSE
12/28/2012,Lackawaxen,1,100,-111.55525444284388,40.59180965,0.0,TRUE
12/28/2012,Gobblers Knob,2,175,-111.682808,40.67074,0.0,TRUE
12/28/2012,Gobblers Knob,2,100,-111.682808,40.67074,0.0,TRUE
12/27/2012,Kessler,3,50,-111.6687569,40.6251165,0.0,FALSE
12/27/2012,Days Fork,1.1666666666666667,60,-111.6364591,40.621971,0.0,TRUE
12/26/2012,White Pine,2.5,50,-112.0293301,41.147734,0.0,FALSE
12/23/2012,Cardiff Fork,4.5,35,-111.6528203,40.5950092,0.0,FALSE
12/23/2012,Murdock Peak,2,70,-111.604647,40.693559,0.0,TRUE
12/19/2012,Dutch Draw,2.5,300,-109.4192889,40.9361428,0.0,TRUE
12/18/2012,Lackawaxen,3,80,-111.55525444284388,40.59180965,0.0,TRUE
12/18/2012,Millicent Peak,3.5,250,-111.5975113,40.5905511,0.0,TRUE
12/17/2012,Millicent Peak,2,50,-111.5975113,40.5905511,0.0,FALSE
12/17/2012,Brighton Hill,0.8333333333333334,5,-111.5833147,40.6018223,0.0,FALSE
12/14/2012,Millicent Peak,4,300,-111.5975113,40.5905511,0.0,TRUE
12/13/2012,Cardiff Fork,3,50,-111.6528203,40.5950092,0.0,FALSE
12/11/2012,Jupiter,1.5,500,-111.4128846,40.7650459,0.0,TRUE
12/10/2012,Little Water Peak,1.5,250,-111.627703,40.671892,0.0,TRUE
12/9/2012,Reynolds Peak,1.5,150,-111.645712,40.6620683,0.0,TRUE
11/29/2012,Snake Creek,0.5,15,-109.6782053,37.2787425,0.0,FALSE
11/11/2012,Sunset Peak,3.5,1500,-111.5936177,40.5771083,0.0,TRUE
11/10/2012,Pioneer Ridge,2,20,-112.8498287,37.6996004,0.0,FALSE
11/10/2012,Grizzly Gulch,2,125,-111.6176169,40.5945374,0.0,TRUE
11/9/2012,Sunset Peak,1.1666666666666667,80,-111.5936177,40.5771083,0.0,TRUE
4/27/2012,Little Cottonwood Canyon,4,150,-109.0738217,37.7801637,0.0,TRUE
3/5/2012,Pinecone Ridge,1,200,-111.5556586,40.6214739,0.0,TRUE
3/4/2012,Mountain Dell Canyon,1.5,1000,-111.8504611,40.5622614,0.0,TRUE
3/4/2012,Meadows,2,100,-111.9471139,40.5218341,0.0,TRUE
3/4/2012,Butler Basin,1.6666666666666667,80,-109.80056559943675,38.00155435,0.0,TRUE
3/4/2012,Davenport Hill,2.5,900,-111.6221452,40.599395,0.0,TRUE
3/4/2012,Lake Mary,0.75,50,-111.59051892399754,40.5892188,0.0,FALSE
3/4/2012,Mt Aire,2,200,-111.695302,40.720283,0.0,TRUE
3/4/2012,Flagstaff Ridge,2.5,350,-111.3121191,39.0702482,0.0,TRUE
3/4/2012,Toll Canyon,2,300,-111.4703228,40.7753497,0.0,TRUE
3/4/2012,Kessler Peak,1,100,-111.6687569,40.6251165,0.0,TRUE
3/3/2012,west porter,2.5,300,-111.7121964,40.6891988,0.0,TRUE
3/3/2012,Mt Aire,2,100,-111.695302,40.720283,0.0,TRUE
3/3/2012,West Monitor,2,100,-109.7356695,38.6605375,0.0,TRUE
3/3/2012,Mineral Fork,2,150,-111.6853502,40.6210541,0.0,TRUE
3/3/2012,Reynolds Peak,1.1666666666666667,70,-111.645712,40.6620683,0.0,TRUE
3/3/2012,Lambs Canyon,3,350,-111.62674,40.719188,0.0,TRUE
3/2/2012,Bear Trap,1.6666666666666667,150,-113.118597,37.430759,0.0,TRUE
3/2/2012,Silver Fork,2.5,150,-111.6195606,40.6181712,0.0,TRUE
3/2/2012,West Bowl,2,250,-112.0336661,40.7038705,0.0,TRUE
3/1/2012,Meadows,2,150,-111.9471139,40.5218341,0.0,TRUE
3/1/2012,Hidden Canyon,0.5,30,-109.7869074,38.7292127,0.0,FALSE
2/29/2012,Tuscarora,5,300,-111.5987748,40.5845206,0.0,TRUE
2/28/2012,Alexander Basin,0.6666666666666666,200,-111.6770983,40.6783598,0.0,FALSE
2/28/2012,Summit Park,2.5,100,-111.59359465474188,40.7550775,0.0,TRUE
2/28/2012,East Bowl,1,200,-111.677609,40.326168,0.0,TRUE
2/28/2012,Davenport Hill,2.5,100,-111.6221452,40.599395,0.0,TRUE
2/28/2012,Main Porter,0.8333333333333334,150,-111.7116604,40.6717193,0.0,FALSE
2/26/2012,Days Fork,1,125,-111.6364591,40.621971,0.0,TRUE
2/26/2012,Cardiff Pass,1,175,-111.6514741,40.5960596,0.0,TRUE
2/24/2012,Murdock Pk,0.08333333333333333,90,-112.9841225,38.5035763,0.0,FALSE
2/24/2012,Argenta,4,600,-111.5976811,40.6233813,0.0,TRUE
2/20/2012,West Bowl,0.8333333333333334,50,-112.0336661,40.7038705,0.0,FALSE
2/20/2012,Lowe Peak,0.6666666666666666,70,-112.1991099,40.4255017,0.0,FALSE
2/19/2012,Tri-county Peak,0.16666666666666666,30,-111.5532075,40.6099141,0.0,FALSE
2/13/2012,Pink Pine,1.1666666666666667,35,-111.8943205,40.5617153,0.0,FALSE
2/13/2012,Mill B South,2,300,-111.7143584,39.4225192,0.0,TRUE
2/12/2012,West Monitor,1,300,-109.7356695,38.6605375,0.0,TRUE
2/12/2012,Twin Lakes Pass,0.5833333333333334,100,-111.609145,40.5945855,0.0,FALSE
1/29/2012,Tuscarora,3.5,70,-111.5987748,40.5845206,0.0,TRUE
1/28/2012,Porter Fork,3,200,-111.7121964,40.6891988,0.0,TRUE
1/27/2012,Red Cliffs,3,100,-111.7471506,39.6863465,0.0,TRUE
1/27/2012,Days Fork,3,200,-111.6364591,40.621971,0.0,TRUE
1/27/2012,Cardiff Peak,3,150,-111.6528203,40.5950092,0.0,TRUE
1/24/2012,Bear Trap,2,70,-113.118597,37.430759,0.0,TRUE
1/23/2012,West Monitor,4,150,-109.7356695,38.6605375,0.0,TRUE
1/22/2012,Hidden Canyon,5,80,-109.7869074,38.7292127,0.0,TRUE
1/21/2012,Bear Trap,1.25,350,-113.118597,37.430759,0.0,TRUE
1/21/2012,Summit Park,1.6666666666666667,150,-111.59359465474188,40.7550775,0.0,TRUE
1/21/2012,West Willow,1.1666666666666667,175,-83.575967,42.247208,0.0,TRUE
1/21/2012,Mill D North,1.5,50,-111.610573,40.660987,0.0,FALSE
1/20/2012,No Name Bowl,2,300,-112.03515604246542,40.5208607,0.0,TRUE
1/20/2012,Claytons,3,150,-112.0268012,41.1631243,0.0,TRUE
1/20/2012,Twin Lakes Pass,3.5,350,-111.609145,40.5945855,0.0,TRUE
1/20/2012,Hidden Canyon,3.5,125,-109.7869074,38.7292127,0.0,TRUE
1/20/2012,White Pine Canyon,1.6666666666666667,100,-111.624233,41.3040279,0.0,TRUE
1/20/2012,Toms Hill,1.0833333333333333,250,-113.799429,39.1368918,0.0,TRUE
1/20/2012,Davenport Hill,1.3333333333333333,500,-111.6221452,40.599395,0.0,TRUE
1/20/2012,East Bowl,1.3333333333333333,80,-111.677609,40.326168,0.0,TRUE
1/20/2012,Reynolds Pk,1.1666666666666667,60,-112.097711,40.7078652,0.0,TRUE
1/20/2012,Soldier Fork,1.5,800,-111.6497552,40.6802304,0.0,TRUE
1/20/2012,Grizzly Gulch,1.1666666666666667,500,-111.6176169,40.5945374,0.0,TRUE
1/20/2012,Big Water,1.3333333333333333,100,-111.664017,37.082317,0.0,TRUE
1/20/2012,Days Fork,1.3333333333333333,2500,-111.6364591,40.621971,0.0,TRUE
1/20/2012,Big Water,1.5,60,-111.664017,37.082317,0.0,TRUE
1/19/2012,10420,1.5,20,-111.5583795,40.6000653,0.0,FALSE
1/19/2012,10420,0.6666666666666666,70,-111.5583795,40.6000653,0.0,FALSE
1/19/2012,West Monitor,1.1666666666666667,500,-109.7356695,38.6605375,0.0,TRUE
1/19/2012,Twin Lakes Pass,1.8333333333333333,1500,-111.609145,40.5945855,0.0,TRUE
1/19/2012,Gobblers,1,300,-111.682808,40.67074,0.0,TRUE
1/15/2012,Silver Fork,0.3333333333333333,60,-111.6195606,40.6181712,0.0,FALSE
1/11/2012,Twin Lakes area,1.5,60,-115.1562271,36.1535965,0.0,TRUE
1/3/2012,Little Water Peak,1,70,-111.627703,40.671892,0.0,TRUE
1/2/2012,No Name Bowl,1,25,-112.03515604246542,40.5208607,0.0,FALSE
1/2/2012,Maybird Gulch,0.8333333333333334,60,-111.7061957,40.5594808,0.0,FALSE
12/31/2011,West Bowl,1,100,-112.0336661,40.7038705,0.0,TRUE
12/31/2011,West Monitor,1.25,175,-109.7356695,38.6605375,0.0,TRUE
12/31/2011,Brighton,0.6666666666666666,60,-111.5833147,40.6018223,0.0,FALSE
12/30/2011,Cardiff Fork,1,40,-111.6528203,40.5950092,0.0,FALSE
12/26/2011,Claytons,0.6666666666666666,20,-112.0268012,41.1631243,0.0,FALSE
12/26/2011,Hidden Canyon,0.3333333333333333,40,-109.7869074,38.7292127,0.0,FALSE
12/22/2011,West Monitor,1.5,40,-109.7356695,38.6605375,0.0,FALSE
12/17/2011,Salt Lake,0.6666666666666666,30,-111.9103124,40.6632297,0.0,FALSE
12/17/2011,Pioneer Ridge,0.5,35,-112.8498287,37.6996004,0.0,FALSE
11/25/2011,Hidden Canyon,2,80,-109.7869074,38.7292127,0.0,TRUE
11/20/2011,Pioneer Ridge,3,200,-112.8498287,37.6996004,0.0,TRUE
11/20/2011,Grizzly Gulch,3.5,20,-111.6176169,40.5945374,0.0,FALSE
11/20/2011,Little Cottonwood Canyon,3,150,-109.0738217,37.7801637,0.0,TRUE
11/19/2011,Pioneer Peak,2.5,125,-111.5893649,40.5807848,0.0,TRUE
11/19/2011,East Bowl,1.8333333333333333,175,-111.677609,40.326168,0.0,TRUE
11/14/2011,Salt Lake,1,80,-111.9103124,40.6632297,0.0,TRUE
11/13/2011,Baldy,1.6666666666666667,100,-113.4094176,39.1921732,0.0,TRUE
11/13/2011,Twin Lakes Pass,1.5,40,-111.609145,40.5945855,0.0,FALSE
11/13/2011,Twin Lakes Pass,1.6666666666666667,40,-111.609145,40.5945855,0.0,FALSE
11/13/2011,Grizzly Gulch,1,250,-111.6176169,40.5945374,0.0,TRUE
11/13/2011,West Bowl,1.5,400,-112.0336661,40.7038705,0.0,TRUE
11/13/2011,Baldy,2.5,15,-113.4094176,39.1921732,0.0,FALSE
11/13/2011,Baldy,2.5,15,-113.4094176,39.1921732,0.0,FALSE
11/13/2011,Alta Ski Area,1.6666666666666667,45,-111.6384012,40.5882366,0.0,FALSE
11/13/2011,Davenport Hill,1,80,-111.6221452,40.599395,0.0,TRUE
11/13/2011,Rocky Point,1.3333333333333333,250,-114.0150068,40.3116003,0.0,TRUE
11/12/2011,Days Fork,0.5,60,-111.6364591,40.621971,0.0,FALSE
11/12/2011,Gad Valley,1,100,-111.8605958,40.5552231,0.0,TRUE
11/6/2011,Collins Gulch,1,15,-111.637878,40.5802887,0.0,FALSE
6/2/2011,Superior,0.5,40,-111.9164388,40.799927,0.0,FALSE
5/20/2011,Park City,0.6666666666666666,10,-111.4979741,40.6460635,0.0,FALSE
5/17/2011,Grizzly Gulch,0.75,15,-111.6176169,40.5945374,0.0,FALSE
4/27/2011,Kessler Peak,0.5,40,-111.6687569,40.6251165,0.0,FALSE
4/27/2011,Little Superior,1.5,500,-111.9164388,40.799927,0.0,TRUE
4/22/2011,Gobblers Knob,4,100,-111.682808,40.67074,0.0,TRUE
4/22/2011,Days Fork,0.8333333333333334,150,-111.6364591,40.621971,0.0,FALSE
4/22/2011,Murdock Peak,0.6666666666666666,30,-111.604647,40.693559,0.0,FALSE
4/22/2011,West Bowl,1,60,-112.0336661,40.7038705,0.0,TRUE
4/21/2011,Flagstaff Ridge,0.6666666666666666,100,-111.3121191,39.0702482,0.0,FALSE
4/19/2011,Mill B South,5,250,-111.7143584,39.4225192,0.0,TRUE
4/19/2011,Tuscarora,0.8333333333333334,90,-111.5987748,40.5845206,0.0,FALSE
4/19/2011,Honeycomb,1,60,-111.6111706,40.6122585,0.0,TRUE
4/19/2011,Flagstaff Ridge,0.8333333333333334,35,-111.3121191,39.0702482,0.0,FALSE
4/18/2011,Twin Lakes area,1,60,-115.1562271,36.1535965,0.0,TRUE
4/16/2011,White Pine Lake,1,60,-111.5457004170299,40.65266995,0.0,TRUE
4/14/2011,Cardiff Peak,1.25,30,-111.6528203,40.5950092,0.0,FALSE
4/8/2011,Argenta,1,10,-111.5976811,40.6233813,0.0,FALSE
4/4/2011,Broads Fork,4,70,-111.7156044,40.6043718,0.0,TRUE
3/31/2011,Superior,0.3333333333333333,80,-111.9164388,40.799927,0.0,FALSE
3/27/2011,Pink Pine,0.5,100,-111.8943205,40.5617153,0.0,FALSE
3/26/2011,Reynolds Pk,0.4166666666666667,150,-112.097711,40.7078652,0.0,FALSE
3/25/2011,Hogum,1.5,125,-111.7198577,40.5522892,0.0,TRUE
3/25/2011,Mineral Fork,5,60,-111.6853502,40.6210541,0.0,TRUE
3/22/2011,Wolverine,1,10,-110.8811816,40.7203368,0.0,FALSE
3/21/2011,Mineral Fork,4,500,-111.6853502,40.6210541,0.0,TRUE
3/20/2011,Pioneer Ridge,0.8333333333333334,60,-112.8498287,37.6996004,0.0,FALSE
3/20/2011,Mill D North,0.5,15,-111.610573,40.660987,0.0,FALSE
3/20/2011,Rocky Point,0.5833333333333334,100,-114.0150068,40.3116003,0.0,FALSE
3/19/2011,Summit Park,0.8333333333333334,50,-111.59359465474188,40.7550775,0.0,FALSE
3/19/2011,Silver Fork,2,200,-111.6195606,40.6181712,0.0,TRUE
3/18/2011,Porter Fork,1.3333333333333333,70,-111.7121964,40.6891988,0.0,TRUE
3/16/2011,Broads Fork,7,200,-111.7156044,40.6043718,0.0,TRUE
3/16/2011,White Pine,6,300,-112.0293301,41.147734,0.0,TRUE
3/13/2011,Tuscarora,0.8333333333333334,70,-111.5987748,40.5845206,0.0,FALSE
3/13/2011,Superior,0.5,60,-111.9164388,40.799927,0.0,FALSE
3/11/2011,Kessler Peak,0.6666666666666666,10,-111.6687569,40.6251165,0.0,FALSE
3/9/2011,lake Peak,1.3333333333333333,125,-112.356041,38.3371967,0.0,TRUE
3/8/2011,Foothills,1.3333333333333333,20,-111.6340578132484,40.2388504,0.0,FALSE
3/6/2011,Silver Fork,0.6666666666666666,30,-111.6195606,40.6181712,0.0,FALSE
3/3/2011,Pioneer Ridge,0.8333333333333334,30,-112.8498287,37.6996004,0.0,FALSE
3/2/2011,Pink Pine,0.25,30,-111.8943205,40.5617153,0.0,FALSE
3/2/2011,Maybird Gulch,3.5,400,-111.7061957,40.5594808,0.0,TRUE
2/28/2011,North Kessler,0.6666666666666666,40,-111.6557704,40.6460728,0.0,FALSE
2/28/2011,Albion Basin,5,150,-111.6167631,40.5800992,0.0,TRUE
2/23/2011,Argenta,3.5,200,-111.5976811,40.6233813,0.0,TRUE
2/23/2011,Lewis Peak,8,300,-111.9217658,41.2793355,0.0,TRUE
2/21/2011,Lambs Canyon,2.5,400,-111.62674,40.719188,0.0,TRUE
2/20/2011,Claytons,1.25,70,-112.0268012,41.1631243,0.0,TRUE
2/20/2011,Grandview Peak,2.5,150,-111.7521555,40.8516128,0.0,TRUE
2/20/2011,Broads Fork,4,1500,-111.7156044,40.6043718,0.0,TRUE
2/20/2011,No Name Bowl,3,200,-112.03515604246542,40.5208607,0.0,TRUE
2/20/2011,Lambs Canyon,2.5,150,-111.62674,40.719188,0.0,TRUE
2/20/2011,Mt Aire,2,200,-111.695302,40.720283,0.0,TRUE
2/19/2011,East Bowl,1,400,-111.677609,40.326168,0.0,TRUE
2/14/2011,White Pine,1.25,150,-112.0293301,41.147734,0.0,TRUE
2/8/2011,West Monitor,1,15,-109.7356695,38.6605375,0.0,FALSE
2/6/2011,Wolverine,1.1666666666666667,125,-110.8811816,40.7203368,0.0,TRUE
2/3/2011,Claytons,2.5,60,-112.0268012,41.1631243,0.0,TRUE
2/3/2011,upper Days,1.5,40,-112.0543509,40.6320337,0.0,FALSE
2/1/2011,Pink Pine,1,40,-111.8943205,40.5617153,0.0,FALSE
1/30/2011,White Pine,0.6666666666666666,70,-112.0293301,41.147734,0.0,FALSE
1/26/2011,Little Superior,1,60,-111.9164388,40.799927,0.0,TRUE
1/22/2011,lake Peak,1.3333333333333333,100,-112.356041,38.3371967,0.0,TRUE
1/22/2011,White Pine,1,50,-112.0293301,41.147734,0.0,FALSE
1/22/2011,White Pine Canyon,1.5,125,-111.624233,41.3040279,0.0,TRUE
1/22/2011,West Monitor,1.6666666666666667,100,-109.7356695,38.6605375,0.0,TRUE
1/16/2011,Reynolds Peak,1,60,-111.645712,40.6620683,0.0,TRUE
1/14/2011,Wilson Fork,0.5,30,-111.6565895,40.6825329,0.0,FALSE
1/14/2011,Alexander Basin,0.5833333333333334,60,-111.6770983,40.6783598,0.0,FALSE
1/14/2011,Lackawaxen,0.5,80,-111.55525444284388,40.59180965,0.0,FALSE
1/14/2011,Porter Fork,0.5,25,-111.7121964,40.6891988,0.0,FALSE
1/6/2011,Superior,0.5833333333333334,70,-111.9164388,40.799927,0.0,FALSE
1/1/2011,Dutch Draw,0.75,45,-109.4192889,40.9361428,0.0,FALSE
12/31/2010,Davenport Hill,0.4166666666666667,30,-111.6221452,40.599395,0.0,FALSE
12/29/2010,Rocky Point,1.6666666666666667,150,-114.0150068,40.3116003,0.0,TRUE
12/27/2010,Dromedary Peak,0.8333333333333334,60,-111.7059748,40.5930945,0.0,FALSE
12/25/2010,Wolverine Peak,0.8333333333333334,50,-111.6035752,40.5854307,0.0,FALSE
12/23/2010,Bonanza Flats,0.8333333333333334,40,-109.1773388,40.0210781,0.0,FALSE
12/22/2010,Willows,1,200,-111.8693786,40.5768927,0.0,TRUE
12/22/2010,West Monitor,0.6666666666666666,200,-109.7356695,38.6605375,0.0,FALSE
12/22/2010,West Willow,0.6666666666666666,300,-83.575967,42.247208,0.0,FALSE
12/21/2010,Willows,0.8333333333333334,30,-111.8693786,40.5768927,0.0,FALSE
12/20/2010,Rips Ridge,1.5,300,-111.9430502,40.5181958,0.0,TRUE
12/19/2010,Twin Lakes Pass,1.5,200,-111.609145,40.5945855,0.0,TRUE
12/18/2010,Red Baldy,1.3333333333333333,80,-111.6671395,40.5403139,0.0,TRUE
12/10/2010,Hellgate,0.6666666666666666,40,-111.4162774,41.1602453,0.0,FALSE
11/29/2010,Little Superior,1.6666666666666667,80,-111.9164388,40.799927,0.0,TRUE
11/28/2010,Davenport Hill,0.6666666666666666,35,-111.6221452,40.599395,0.0,FALSE
11/28/2010,Cardiff Fork,0.25,20,-111.6528203,40.5950092,0.0,FALSE
11/22/2010,Lackawaxen,5,700,-111.55525444284388,40.59180965,0.0,TRUE
11/21/2010,West Ridge 1,2,80,-110.400017,39.602549,0.0,TRUE
11/21/2010,West Ridge 2,2,150,-112.0349430701078,40.6599423,0.0,TRUE
11/21/2010,West Ridge 3,2,125,-110.400017,39.602549,0.0,TRUE
11/21/2010,Davenport Hill,0.8333333333333334,80,-111.6221452,40.599395,0.0,FALSE
11/21/2010,Meadows,1,50,-111.9471139,40.5218341,0.0,FALSE
11/21/2010,Hidden Canyon,1.5,60,-109.7869074,38.7292127,0.0,TRUE
11/20/2010,Silver Fork,1,30,-111.6195606,40.6181712,0.0,FALSE
11/18/2010,Hidden Canyon,0.8333333333333334,70,-109.7869074,38.7292127,0.0,FALSE
11/16/2010,Rhino,1.5,100,-111.70470485,40.311346799999995,0.0,TRUE
11/16/2010,Tri-county Peak,3,200,-111.5532075,40.6099141,0.0,TRUE
11/11/2010,Red Baldy,1,50,-111.6671395,40.5403139,0.0,FALSE
4/29/2010,Salt Lake,1.1666666666666667,100,-111.9103124,40.6632297,0.0,TRUE
4/7/2010,Neffs,2,250,-111.7501551,40.6731884,0.0,TRUE
4/6/2010,Circle Awl,1,350,-111.9793968,40.7352412,0.0,TRUE
4/4/2010,Butler Fork,1,40,-111.6638836,40.6522147,0.0,FALSE
4/4/2010,West Monitor,2,40,-109.7356695,38.6605375,0.0,FALSE
4/3/2010,Salt Lake,1.3333333333333333,100,-111.9103124,40.6632297,0.0,TRUE
4/3/2010,Reynolds Pk,1.5,90,-112.097711,40.7078652,0.0,TRUE
4/3/2010,Flanigans,0.8333333333333334,20,-112.9930141,37.1949609,0.0,FALSE
4/3/2010,north ridge,1,200,-111.8752154,40.8955007,0.0,TRUE
4/2/2010,East Mineral,1.6666666666666667,50,-96.120442,33.118412,0.0,FALSE
4/1/2010,Salt Lake,1.5,50,-111.9103124,40.6632297,0.0,FALSE
3/31/2010,Salt Lake,1,700,-111.9103124,40.6632297,0.0,TRUE
3/19/2010,Little Cottonwood Canyon,4,100,-109.0738217,37.7801637,0.0,TRUE
3/17/2010,Maybird Gulch,1.5,100,-111.7061957,40.5594808,0.0,TRUE
3/14/2010,Stairs Gulch,3,200,-111.7382043,40.6156207,0.0,TRUE
3/12/2010,Little Superior,2,50,-111.9164388,40.799927,0.0,FALSE
3/9/2010,Stairs Gulch,3,1000,-111.7382043,40.6156207,0.0,TRUE
3/7/2010,Summit Park,1.5,125,-111.59359465474188,40.7550775,0.0,TRUE
3/7/2010,Argenta,1,10,-111.5976811,40.6233813,0.0,FALSE
3/7/2010,Soldier Fork,1.5,100,-111.6497552,40.6802304,0.0,TRUE
3/6/2010,west porter,2,100,-111.7121964,40.6891988,0.0,TRUE
3/6/2010,Cardiff Fork,0.8333333333333334,40,-111.6528203,40.5950092,0.0,FALSE
3/6/2010,Main Days,1,40,-111.464035,40.134356,0.0,FALSE
3/5/2010,Broads Fork,1.5,80,-111.7156044,40.6043718,0.0,TRUE
3/5/2010,Broads Fork,2,20,-111.7156044,40.6043718,0.0,FALSE
3/5/2010,Lambs,2,70,-113.109945,37.3047036,0.0,TRUE
3/5/2010,Hidden Canyon,1.5,80,-109.7869074,38.7292127,0.0,TRUE
3/5/2010,Big Water,2,200,-111.664017,37.082317,0.0,TRUE
3/5/2010,Cardiff Peak,0.5,50,-111.6528203,40.5950092,0.0,FALSE
3/3/2010,Salt Lake,2,90,-111.9103124,40.6632297,0.0,TRUE
3/1/2010,Bells Canyon,2.5,70,-111.7501542,40.5410271,0.0,TRUE
2/28/2010,Bonanza Flats,1,40,-109.1773388,40.0210781,0.0,FALSE
2/28/2010,Bonanza Flats,1,20,-109.1773388,40.0210781,0.0,FALSE
2/27/2010,west porter,1,30,-111.7121964,40.6891988,0.0,FALSE
2/27/2010,White Pine Canyon,2,100,-111.624233,41.3040279,0.0,TRUE
2/27/2010,Lambs Canyon,1.6666666666666667,70,-111.62674,40.719188,0.0,TRUE
2/26/2010,Bountiful Ridge,1.25,100,-111.8804817,40.8894611,0.0,TRUE
2/26/2010,Pioneer Ridge,1.6666666666666667,100,-112.8498287,37.6996004,0.0,TRUE
2/26/2010,Mineral Fork,2,80,-111.6853502,40.6210541,0.0,TRUE
2/26/2010,Soldier Fork,2,500,-111.6497552,40.6802304,0.0,TRUE
2/26/2010,Salt Lake,0.3333333333333333,20,-111.9103124,40.6632297,0.0,FALSE
2/25/2010,Neffs,1.5,200,-111.7501551,40.6731884,0.0,TRUE
2/25/2010,Porter Fork,1,800,-111.7121964,40.6891988,0.0,TRUE
2/25/2010,Superior,0.6666666666666666,30,-111.9164388,40.799927,0.0,FALSE
2/25/2010,West Willow,1.5,60,-83.575967,42.247208,0.0,TRUE
2/24/2010,Mt Aire,1.25,300,-111.695302,40.720283,0.0,TRUE
2/24/2010,Claytons,1.5,20,-112.0268012,41.1631243,0.0,FALSE
2/24/2010,Mt Raymond,1,100,-111.7020519,40.6585713,0.0,TRUE
2/24/2010,White Pine,1,60,-112.0293301,41.147734,0.0,TRUE
2/23/2010,South Monitor,1,150,-109.7356695,38.6605375,0.0,TRUE
2/22/2010,Main Days,1.5,40,-111.464035,40.134356,0.0,FALSE
2/22/2010,Upper Mineral,1.6666666666666667,60,-111.609236,40.551121,0.0,TRUE
2/22/2010,Ontario Canyon,1,40,-111.4818083,40.6064145,0.0,FALSE
2/22/2010,Pioneer Ridge,1,100,-112.8498287,37.6996004,0.0,TRUE
2/22/2010,Maybird Gulch,1,50,-111.7061957,40.5594808,0.0,FALSE
2/21/2010,Yellow Jacket,1.5,30,-111.6995678,40.6864731,0.0,FALSE
2/21/2010,Neffs,1.5,80,-111.7501551,40.6731884,0.0,TRUE
2/21/2010,Hidden Canyon,0.8333333333333334,20,-109.7869074,38.7292127,0.0,FALSE
2/21/2010,lake Peak,1,40,-112.356041,38.3371967,0.0,FALSE
2/21/2010,Upper Mill Creek,1,40,-109.4900704,38.5705062,0.0,FALSE
2/21/2010,Butler Fork,1,80,-111.6638836,40.6522147,0.0,TRUE
2/21/2010,Flanigans,1,50,-112.9930141,37.1949609,0.0,FALSE
2/21/2010,Meadows,1,40,-111.9471139,40.5218341,0.0,FALSE
2/21/2010,Porter Fork,2,50,-111.7121964,40.6891988,0.0,FALSE
2/20/2010,Montreal Hill,1.5,70,-111.6621479,40.6116164,0.0,TRUE
2/20/2010,Argenta,1,100,-111.5976811,40.6233813,0.0,TRUE
2/20/2010,Salt Lake,1,200,-111.9103124,40.6632297,0.0,TRUE
2/20/2010,Toledo Peak,1,60,-88.0358645,35.5625709,0.0,TRUE
2/20/2010,Cardiff Peak,1.1666666666666667,70,-111.6528203,40.5950092,0.0,TRUE
2/20/2010,Mineral Fork,1.25,125,-111.6853502,40.6210541,0.0,TRUE
2/20/2010,Lambs Canyon,1,150,-111.62674,40.719188,0.0,TRUE
2/19/2010,Broads Fork,3,200,-111.7156044,40.6043718,0.0,TRUE
2/19/2010,Silver Fork,1,60,-111.6195606,40.6181712,0.0,TRUE
2/19/2010,Little Water Peak,0.8333333333333334,150,-111.627703,40.671892,0.0,FALSE
2/19/2010,Toledo Bowl,1,70,-112.03515604246542,40.5208607,0.0,TRUE
2/18/2010,Reed and Benson Ridge,0.3333333333333333,50,-111.6471468,40.6035612,0.0,FALSE
2/18/2010,Lambs,1,500,-113.109945,37.3047036,0.0,TRUE
2/17/2010,Little Water Peak,1,250,-111.627703,40.671892,0.0,TRUE
2/17/2010,Intermediate Ridge,0.8333333333333334,20,-111.86928396196751,40.76797025,0.0,FALSE
2/17/2010,Days Fork,1,80,-111.6364591,40.621971,0.0,TRUE
2/16/2010,Two Trees,1,300,-111.9217153,40.7786142,0.0,TRUE
2/16/2010,Twin Lakes Pass,2,70,-111.609145,40.5945855,0.0,TRUE
2/16/2010,Salt Lake,1,40,-111.9103124,40.6632297,0.0,FALSE
2/16/2010,Mt. Aire,1,350,-111.695302,40.720283,0.0,TRUE
2/15/2010,Porter Fork,0.8333333333333334,500,-111.7121964,40.6891988,0.0,FALSE
2/14/2010,Meadows,0.5833333333333334,30,-111.9471139,40.5218341,0.0,FALSE
2/14/2010,No Name Bowl,1,150,-112.03515604246542,40.5208607,0.0,TRUE
2/14/2010,Little Water,1,175,-109.5517824,37.1033343,0.0,TRUE
2/13/2010,west porter,0.5,50,-111.7121964,40.6891988,0.0,FALSE
2/13/2010,Murdock Peak,0.5,200,-111.604647,40.693559,0.0,FALSE
2/13/2010,Lambs,1.3333333333333333,300,-113.109945,37.3047036,0.0,TRUE
2/13/2010,Santiago,0.5,50,-111.8493069,40.6240635,0.0,FALSE
2/13/2010,Twin Lakes Pass,0.6666666666666666,50,-111.609145,40.5945855,0.0,FALSE
2/13/2010,Reynolds Peak,0.8333333333333334,200,-111.645712,40.6620683,0.0,FALSE
2/13/2010,Butler Fork,1,200,-111.6638836,40.6522147,0.0,TRUE
2/12/2010,Lambs,0.5,300,-113.109945,37.3047036,0.0,FALSE
2/12/2010,Mill B South,3,200,-111.7143584,39.4225192,0.0,TRUE
2/6/2010,Porter Fork,3,20,-111.7121964,40.6891988,0.0,FALSE
2/3/2010,Porter Fork,3,10,-111.7121964,40.6891988,0.0,FALSE
2/1/2010,Salt Lake,1.5,30,-111.9103124,40.6632297,0.0,FALSE
1/30/2010,Salt Lake,3,100,-111.9103124,40.6632297,0.0,TRUE
1/28/2010,Murdock Peak,2.5,500,-111.604647,40.693559,0.0,TRUE
1/25/2010,Neffs,3,300,-111.7501551,40.6731884,0.0,TRUE
1/25/2010,Dutch Draw,3,20,-109.4192889,40.9361428,0.0,FALSE
1/24/2010,West Monitor,3,2500,-109.7356695,38.6605375,0.0,TRUE
1/24/2010,Salt Lake,1.5,30,-111.9103124,40.6632297,0.0,FALSE
1/24/2010,Bear Trap,3,200,-113.118597,37.430759,0.0,TRUE
1/23/2010,Big Mac,3,400,-112.0019444,36.9894444,0.0,TRUE
1/23/2010,Salt Lake,2.5,700,-111.9103124,40.6632297,0.0,TRUE
1/23/2010,Powder Park,2,70,-111.6674113,37.0825883,0.0,TRUE
1/22/2010,Salt Lake,2.5,600,-111.9103124,40.6632297,0.0,TRUE
1/22/2010,10420,3.5,200,-111.5583795,40.6000653,0.0,TRUE
1/21/2010,Hidden Canyon,1.5,50,-109.7869074,38.7292127,0.0,FALSE
1/20/2010,Main Days,1.5,200,-111.464035,40.134356,0.0,TRUE
1/20/2010,East Bowl,1.5,30,-111.677609,40.326168,0.0,FALSE
1/19/2010,10420,2.5,100,-111.5583795,40.6000653,0.0,TRUE
1/19/2010,Willows,1,40,-111.8693786,40.5768927,0.0,FALSE
1/18/2010,Twin Lakes Pass,2,100,-111.609145,40.5945855,0.0,TRUE
1/18/2010,Alexander Basin,1.5,100,-111.6770983,40.6783598,0.0,TRUE
1/11/2010,Mt Raymond,2,125,-111.7020519,40.6585713,0.0,TRUE
1/7/2010,Red Pine Canyon,1.5,150,-110.3653061,37.6250883,0.0,TRUE
1/5/2010,Grizzly Gulch,1,20,-111.6176169,40.5945374,0.0,FALSE
1/2/2010,west porter,0.8333333333333334,30,-111.7121964,40.6891988,0.0,FALSE
1/2/2010,Kessler Peak,1.6666666666666667,70,-111.6687569,40.6251165,0.0,TRUE
1/1/2010,Salt Lake,0.8333333333333334,10,-111.9103124,40.6632297,0.0,FALSE
1/1/2010,Little Water,1.5,150,-109.5517824,37.1033343,0.0,TRUE
12/30/2009,South Monitor,0.6666666666666666,200,-109.7356695,38.6605375,0.0,FALSE
12/23/2009,Dutch Draw,2,80,-109.4192889,40.9361428,0.0,TRUE
12/22/2009,Salt Lake,0.8333333333333334,70,-111.9103124,40.6632297,0.0,FALSE
12/17/2009,Meadows,2,50,-111.9471139,40.5218341,0.0,FALSE
12/17/2009,Cardiff Peak,2.5,150,-111.6528203,40.5950092,0.0,TRUE
12/15/2009,Mill Creek Canyon,3.5,100,-112.341963,37.3988505,0.0,TRUE
12/14/2009,Pioneer Ridge,3,100,-112.8498287,37.6996004,0.0,TRUE
12/13/2009,West Monitor,1.1666666666666667,100,-109.7356695,38.6605375,0.0,TRUE
12/13/2009,West Willow,1.3333333333333333,60,-83.575967,42.247208,0.0,TRUE
12/13/2009,Reynolds Pk,3,300,-112.097711,40.7078652,0.0,TRUE
12/13/2009,Salt Lake,1.6666666666666667,100,-111.9103124,40.6632297,0.0,TRUE
12/12/2009,West Bowl,1.0833333333333333,45,-112.0336661,40.7038705,0.0,FALSE
12/12/2009,Silver Fork,1.3333333333333333,40,-111.6195606,40.6181712,0.0,FALSE
12/12/2009,Honeycomb Canyon,1.5,25,-111.5928575,40.6190652,0.0,FALSE
12/12/2009,Grizzly Gulch,1.0833333333333333,70,-111.6176169,40.5945374,0.0,TRUE
12/8/2009,Rocky Point,1.5,100,-114.0150068,40.3116003,0.0,TRUE
12/8/2009,West Bowl,0.5,50,-112.0336661,40.7038705,0.0,FALSE
11/23/2009,South Monitor,0.8333333333333334,30,-109.7356695,38.6605375,0.0,FALSE
